id,width,height
990626-2,2000,1500
2032277-0,2736,3648
669640-1,3456,4608
648057-2,1632,1224
1345869-0,2628,3504
728824-0,1952,1464
1021655-2,4608,3456
648024-0,4000,3000
2052523-1,3456,4608
828941-0,3456,4608
860575-2,3648,2736
862080-2,3648,2736
968579-1,3000,4000
2208136-3,2080,1560
1311961-1,2628,3504
866113-1,2016,1512
289307-0,2736,3648
849895-0,3648,2736
703031-0,2736,3648
854737-2,2080,1560
781104-1,1536,2048
756226-0,2080,1560
697153-1,4608,3456
758002-2,3648,2736
1051807-1,2000,1500
1054361-0,2080,1560
1251942-1,2736,3648
1970811-1,2000,1500
936066-1,2000,1500
1027298-1,2000,1500
1015272-0,2312,1734
923065-0,2080,1560
644462-2,2736,3648
1371573-1,1560,2080
1234176-0,3000,4000
696728-1,2016,1512
844445-0,4000,3000
777054-0,4000,3000
813283-2,1984,1488
766340-0,2304,1728
2241341-0,3648,2736
756322-0,1536,2048
981683-2,2048,1536
669651-2,2000,1500
757564-1,1560,2080
1014984-0,2736,3648
669609-0,2000,1500
1081062-1,3000,4000
762319-0,4608,3456
943226-0,3000,4000
755999-2,2000,1500
902179-2,1500,2000
747573-2,1632,1224
1331692-0,1560,2080
942299-2,2000,1500
1319986-0,2304,1728
935015-1,1728,2304
745543-2,3648,2736
888076-1,2048,1536
1035677-0,2016,1512
935079-1,2000,1500
763504-0,2000,1500
2007220-2,2048,1536
1252055-2,4608,3456
808836-1,1560,2080
883154-0,1560,2080
886079-0,1728,2304
935120-0,3456,4608
1202113-1,3072,4096
2207997-0,2080,1560
933200-1,1224,1632
1081372-0,1224,1632
556914-0,3456,4608
1297893-2,3456,4608
2066141-2,2048,1536
756185-2,2000,1500
755999-0,2000,1500
745528-0,1500,2000
514723-0,4000,3000
2240809-1,2048,1536
1341644-2,1560,2080
1001317-1,1464,1952
1100390-1,1224,1632
901951-2,2016,1512
757564-0,1560,2080
909581-1,1500,2000
1353220-2,4000,3000
648038-2,4608,3456
1130402-2,1632,1224
876349-1,2000,1500
885816-2,3456,4608
949599-2,2016,1512
810605-0,1224,1632
735434-1,1500,2000
1063057-2,3456,4608
761757-1,3456,4608
839886-2,2304,1728
2069032-1,4000,3000
886722-1,2000,1500
2178903-2,2016,1512
1100772-1,960,720
891928-2,2080,1560
1969389-0,1296,972
2007805-2,4608,3456
1002730-1,2000,1500
935098-1,3456,4608
1338451-1,2000,1500
864143-0,2048,1536
2191854-0,2736,3648
2181559-0,2016,1512
883198-0,3456,4608
759380-0,2080,1560
1984684-0,2048,1536
681083-1,1512,2016
766856-2,2304,1728
895133-0,1368,1824
1130402-1,1224,1632
742216-0,2040,1536
927051-2,2000,1500
745437-2,4000,3000
2203502-0,2736,3648
942310-2,3648,2736
877737-0,1500,2000
971255-0,4608,3456
1942580-0,3000,4000
1081372-2,1632,1224
2125812-1,3648,2736
1152392-0,2312,1734
2233227-1,2736,3648
805685-0,1224,1632
885799-1,1224,1632
1919323-2,2048,1536
2179175-0,1500,2000
805689-1,2080,1560
918613-1,3456,4608
994157-0,2000,1500
972683-1,3456,4608
937052-1,2000,1500
553178-0,3456,4608
2066141-1,1536,2048
561594-0,1728,2304
728787-2,1952,1464
918652-1,1728,2304
759373-0,2080,1560
766979-0,2016,1512
897381-1,3456,4608
786076-2,2080,1560
785100-2,3648,2736
882653-2,4608,3456
631984-1,3000,4000
728798-1,1224,1632
706043-2,2304,1728
669609-2,2000,1500
1385958-1,4096,3072
2033879-0,2000,1500
1079822-0,2080,1560
2007824-2,4608,3456
2092597-1,1500,2000
756322-1,1536,2048
737587-2,2016,1512
2214698-0,1224,1632
883154-1,1560,2080
1307753-0,3456,4608
845020-1,4608,3456
1005457-2,2000,1500
669576-0,2000,1500
1202113-2,4096,3072
674264-0,3456,4608
925045-2,3648,2736
644562-2,4608,3456
839884-2,2080,1560
937059-1,3456,4608
2161796-0,3648,2736
674067-2,1632,1224
723115-0,3456,4608
1015523-0,2000,1500
1137529-1,2000,1500
805832-1,2736,3648
859994-1,3456,4608
669588-2,2000,1500
2069578-1,1500,2000
2211272-1,1512,2016
868469-0,1500,2000
922951-1,3456,4608
1404386-0,1560,2080
937045-2,4608,3456
667234-1,3456,4608
883105-0,3456,4608
2071548-0,4000,3000
874998-1,2080,1560
935638-2,2040,1530
806307-0,2080,1560
864921-2,2000,1500
880895-0,3000,4000
807166-1,2000,1500
697948-0,2736,3648
866579-0,2016,1512
766856-0,2304,1728
745565-0,2040,1536
1470685-0,2048,1536
1001323-0,3000,4000
1106765-1,4608,3456
781954-0,1512,2016
703031-2,3648,2736
669576-1,2000,1500
1021205-0,1560,2080
845268-1,3456,4608
1102497-0,1500,2000
660440-2,4608,3456
121569-0,2736,3648
1266184-1,1560,2080
766804-1,2000,1500
756300-1,2016,1512
758043-1,2736,3648
756303-2,2000,1500
762319-1,3456,4608
1418895-2,2080,1560
754593-2,4000,3000
1087638-0,3000,4000
2052521-1,4608,3456
978525-1,1560,2080
861931-2,2080,1560
2033826-0,2048,1536
879084-1,2736,3648
1311928-3,3000,4000
811108-0,4608,3456
1305686-2,3456,4608
839896-2,2080,1560
1331692-1,1560,2080
769943-1,2080,1560
868227-2,2000,1500
937011-2,4608,3456
882657-1,1728,2304
1012610-1,2000,1500
546158-0,3648,2736
596206-2,2000,1500
910170-1,2080,1560
648082-2,1296,1728
1470685-1,2048,1536
622014-0,2000,1500
879084-0,3648,2736
2191823-0,2736,3648
685602-2,2000,1500
941218-0,2080,1560
805835-2,4608,3456
1058098-2,2048,1536
863179-0,4000,3000
1133032-0,2628,3504
847502-0,2016,1512
1251970-0,2736,3648
765527-0,2560,1920
2007805-0,3456,4608
886722-0,2000,1500
728793-2,1224,1632
669592-0,4000,3000
2094877-2,1728,2304
1363709-0,3000,4000
612523-0,1224,1632
735437-1,3456,4608
2208032-4,2080,1560
690366-1,1512,2016
756300-2,2016,1512
1194572-1,1560,2080
844359-2,3648,2736
1087603-1,2736,3648
1206315-2,2080,1560
1015439-1,4000,3000
1966696-1,1488,1984
744675-0,1728,2304
927051-1,2000,1500
765800-2,2304,1728
940275-1,3456,4608
1076136-1,2016,1512
777270-1,2000,1500
938346-1,1500,2000
810554-2,1560,2080
661321-0,1488,1984
514705-2,4608,3456
838497-0,1632,1224
990626-1,1500,2000
1273581-1,2628,3504
877390-0,2040,1530
762207-2,2016,1512
2208098-0,2080,1560
757972-1,2736,3648
740319-2,1728,2304
1297472-2,2000,1500
772168-0,1560,2080
1159368-0,4000,3000
756317-2,1952,1464
808124-0,2016,1512
994156-2,2000,1500
751726-1,3456,4608
1021652-0,1560,2080
1358080-0,2304,1728
1158540-0,4000,3000
815523-1,1488,1984
882652-1,4608,3456
878391-1,2040,1536
740356-2,2048,1536
905001-2,3648,2736
756198-0,2080,1560
1942746-1,1536,2048
865466-0,2000,1500
935011-0,1632,1224
813909-0,1504,1128
1717812-2,2000,1500
2166762-1,1488,1984
861998-1,2000,1500
918659-2,1500,2000
1339110-1,3456,4608
768286-1,1488,1984
779854-0,2080,1560
1187330-2,2080,1560
900160-2,2816,2112
1973428-1,1560,2080
755708-0,2080,1560
2181559-2,2016,1512
514842-2,4000,3000
2195904-0,2016,1512
882653-1,4608,3456
1297472-1,1500,2000
883137-0,3000,4000
2129349-2,2048,1536
937048-0,1500,2000
663538-1,1464,1952
1122695-0,3072,4096
879274-0,2048,1536
1080058-0,2736,3648
844480-0,2312,1734
745564-1,2736,3648
864160-0,4000,3000
810605-1,1224,1632
882652-3,4608,3456
1251942-2,3648,2736
953205-2,1632,1224
1338912-1,1940,2592
939067-2,2000,1500
1015279-1,2040,1536
756266-1,1464,1952
669627-1,3000,4000
1319304-2,4000,3000
763504-1,2000,1500
781778-0,3648,2736
2208032-3,2080,1560
1936059-0,1500,2000
910743-2,3648,2736
890844-1,2736,3648
740308-0,3000,4000
1137344-0,1952,1464
777534-1,2000,1500
2157438-0,1728,2304
1338912-2,2592,1940
744508-0,1728,2304
2231134-1,4608,3456
2054607-1,864,1152
2200414-0,3456,4608
940275-2,4608,3456
680361-0,2016,1512
1102755-1,1728,2304
660440-0,3456,4608
998807-2,2080,1560
697163-2,1952,1464
995313-4,2080,1560
623644-2,4608,3456
807260-1,1500,2000
690366-2,1512,2016
766957-2,4000,3000
1014984-2,3648,2736
756319-1,1560,2080
2007833-0,3456,4608
669658-0,4000,3000
1936059-1,1500,2000
860575-1,2736,3648
1336749-1,1224,1632
612518-0,1224,1632
723252-2,2000,1496
847333-1,1488,1984
756299-2,2000,1500
2007787-2,4608,3456
782379-0,3456,4608
669698-1,3456,4608
1058098-0,2048,1536
867480-0,2112,2816
877737-1,1500,2000
759343-2,1560,2080
808514-0,2016,1512
876139-1,2080,1560
756115-1,2080,1560
1353220-1,4000,3000
1329720-1,1728,2304
813820-1,1464,1952
776952-2,2304,1728
916292-0,3456,4608
810509-0,2560,1920
2214291-1,1952,1464
2207997-2,2080,1560
2032277-2,3648,2736
2039244-1,1728,2304
953088-3,2000,1500
942333-0,4000,3000
885547-0,2048,1536
2136255-0,2736,3648
2039741-1,4000,3000
2214286-1,2080,1560
813184-1,1632,1224
981552-2,2080,1560
2177649-0,1940,2592
1149001-2,1560,2080
850967-2,2080,1560
882655-2,2016,1512
881407-0,2016,1512
895738-1,1560,2080
936012-1,1152,864
968576-2,4000,3000
756268-0,2080,1560
654821-1,2304,1728
949599-1,2016,1512
1618407-1,1560,2080
1322169-1,3456,4608
812239-2,1632,1224
740316-0,1728,2304
1353225-2,1632,1224
1046256-1,3000,4000
669575-1,3000,4000
669622-0,1224,1632
1187330-0,1560,2080
756186-0,2000,1500
2004417-0,2000,1500
813912-0,1632,1224
755984-2,4608,3456
877769-0,1224,1632
905979-0,1536,2048
1018645-1,3456,4608
1331646-0,1728,2304
770782-0,1728,2304
1015503-1,3000,4000
1472172-1,1224,1632
728788-1,1952,1464
756203-0,1728,2304
864160-1,4000,3000
513588-1,2048,1536
1051806-0,2000,1500
936854-2,2000,1500
810438-1,4608,3456
2102618-1,1488,1984
849664-2,1500,2000
869274-2,2000,1500
669635-0,4000,3000
918532-2,2304,1728
770805-0,2000,1500
671655-1,1512,2016
663538-2,1464,1952
2129349-0,2048,1536
900407-1,1728,2304
808351-0,2080,1560
740319-0,1728,2304
756286-0,1560,2080
813283-1,1488,1984
759331-2,1500,2000
745564-0,2736,3648
899888-0,3648,2736
514842-1,3000,4000
2125771-3,1500,2000
971255-2,3456,4608
768734-1,2000,1500
994157-2,2000,1500
910926-2,2736,3648
1353216-2,2000,1500
395086-1,3456,4608
868491-1,2736,3648
809418-0,4000,3000
745543-0,2736,3648
2178180-1,2048,1536
1021646-2,1632,1224
968462-1,3456,4608
744668-0,1728,2304
681471-2,4608,3456
1021646-1,1632,1224
681117-2,1632,1224
756289-1,1560,2080
514683-0,3648,2736
654934-2,1952,1464
755974-1,2016,1512
781104-2,1536,2048
1100390-0,1224,1632
806869-0,2000,1500
669722-1,1224,1632
1106655-0,2000,1500
1330136-0,4608,3456
756318-0,1464,1952
765778-2,2312,1734
674290-0,1560,2080
856211-1,1488,1984
1298750-2,2080,1560
2214279-0,1464,1952
972683-2,3456,4608
669722-2,1224,1632
730035-1,2000,1500
2181559-1,2016,1512
663546-1,3000,4000
1975644-2,2040,1536
768697-0,3456,4608
1022812-1,2000,1500
1015544-2,2000,1500
779854-2,2080,1560
789144-0,2080,1560
935098-0,3456,4608
1343564-1,1728,2304
755594-1,3000,4000
1251843-0,2736,3648
785485-1,3456,4608
810604-0,1496,2000
1021646-0,1224,1632
767674-0,2080,1560
810698-2,2040,1536
2087735-1,2016,1512
775102-1,4000,3000
878496-2,1500,2000
756283-1,1464,1952
2251336-2,3648,2736
735434-0,2000,1500
312796-1,2080,1560
1311928-1,4000,3000
926240-1,1728,2304
1075898-0,1500,2000
859199-1,1728,2304
844549-0,1560,2080
1251953-2,2736,3648
767026-2,3648,2736
755983-0,2000,1500
1281374-1,1560,2080
2208136-2,2080,1560
669672-1,1224,1632
751726-0,3456,4608
667234-0,3456,4608
513617-1,2736,3648
2207926-3,2080,1560
999155-0,1536,2048
1281271-1,1536,2048
814245-2,3648,2736
878391-0,2040,1536
880179-0,4608,3456
758043-2,3648,2736
1149819-1,4000,3000
1021648-1,2628,3504
975745-2,3504,2628
877775-0,2736,3648
812345-2,2000,1500
608736-0,2000,1500
669651-1,2000,1500
876962-1,3072,4096
1196018-0,2000,1500
1712729-1,1728,2304
739230-2,2080,1560
1319986-2,2304,1728
812345-1,2000,1500
2257785-0,2000,1500
751726-2,4608,3456
1537985-1,2112,2816
935569-2,4608,3456
787366-0,2736,3648
809419-1,2048,1536
654840-0,3000,4000
2101139-0,3648,2736
1331646-2,2304,1728
755581-2,4608,3456
619053-1,3456,4608
765328-0,2080,1560
1360703-1,3456,4608
745542-0,1500,2000
758124-1,2736,3648
885547-1,2048,1536
810166-0,1560,2080
876962-2,4096,3072
942321-1,2112,2816
816115-0,2080,1560
918659-0,2000,1500
895735-0,1560,2080
810509-1,2560,1920
669672-0,1224,1632
810604-2,2000,1496
1618407-0,1560,2080
735416-0,2016,1512
739228-2,2016,1512
566679-0,3456,4608
937009-2,3000,4000
612525-0,2000,1500
622068-0,2016,1512
865467-1,4608,3456
756323-2,2080,1560
1320007-0,2048,1536
1054118-1,2304,1728
811097-0,2016,1512
756136-0,2080,1560
756195-1,1560,2080
1322169-2,4608,3456
814245-0,2736,3648
523315-2,2000,1500
740308-2,3000,4000
561594-1,2304,1728
813906-0,4608,3456
1353169-0,2628,3504
715496-0,2016,1512
938379-0,3000,4000
779768-1,2040,1530
1206315-0,1560,2080
1144162-2,1560,2080
813913-1,3456,4608
2193471-2,3648,2736
860282-1,1296,1728
766958-2,4000,3000
2208179-2,2080,1560
937045-0,4608,3456
786072-0,2080,1560
2052521-0,4608,3456
1970898-0,2080,1560
1054361-1,1560,2080
854369-2,2304,1728
999155-2,2048,1536
864690-1,3504,2628
846452-1,2000,1500
813908-0,2736,3648
878831-1,4000,3000
660472-0,1560,2080
674281-1,1488,1984
756123-1,2016,1512
1127522-0,1224,1632
2052525-0,3000,4000
844355-2,3648,2736
1015498-0,1500,2000
2007824-0,3456,4608
1012610-2,2000,1500
889231-0,2736,3648
735459-0,1560,2080
849906-2,2112,2816
881407-1,2016,1512
890844-2,3648,2736
765471-0,3456,4608
766882-2,2304,1728
815772-0,2080,1560
756114-1,2080,1560
854371-1,4608,3456
1001319-0,1464,1952
813903-1,1500,2000
918234-0,2000,1500
622069-2,2016,1512
811359-2,2000,1500
776958-1,1728,2304
1943152-1,2048,1536
876962-0,3072,4096
895731-2,2080,1560
781937-2,3456,4608
755952-0,3456,4608
608736-2,2000,1500
868486-2,2000,1496
879458-0,2736,3648
1472172-2,1632,1224
785744-3,2000,1500
763444-0,2736,3648
815523-0,1488,1984
839368-1,1496,2000
868484-1,1496,2000
901826-0,2000,1500
864921-0,2000,1500
566679-2,4608,3456
806320-2,2816,2112
785550-0,3456,4608
1338912-0,1940,2592
566675-0,1560,2080
870374-2,2112,2816
876984-2,2000,1496
1187804-1,1560,2080
1331646-1,1728,2304
1122695-1,4096,3072
1077861-0,2080,1560
2085938-0,1500,2000
933453-0,3456,4608
747635-2,1632,1224
648024-2,4000,3000
923580-2,2080,1560
787373-2,2000,1500
870374-1,2112,2816
767674-2,2080,1560
2166762-0,1488,1984
1329720-0,1728,2304
566675-2,2080,1560
1298949-2,2000,1500
753073-0,2016,1512
2041605-2,2000,1500
939347-1,1500,2000
1002510-0,1224,1632
1265125-2,2000,1500
786066-1,2080,1560
910170-2,2080,1560
1184380-2,4608,3456
777534-0,2000,1500
1431127-0,2304,1728
756178-0,1728,2304
937054-0,1560,2080
866412-1,2736,3648
696732-2,2080,1560
777534-2,2000,1500
1002746-0,2000,1500
857391-1,2736,3648
690366-0,2016,1512
843407-0,1496,2000
849186-0,4000,3000
632079-0,1488,1984
762207-1,2016,1512
885208-1,1500,2000
864814-1,4608,3456
766955-0,3000,4000
770782-2,2304,1728
1027298-0,2000,1500
997367-1,2048,1536
942436-2,3456,4608
669681-1,1224,1632
1100772-2,960,720
1002510-1,1224,1632
759331-1,1500,2000
1077848-1,1224,1632
1353538-1,3456,4608
905738-1,2048,1536
777921-0,1560,2080
756209-2,1632,1224
739231-2,2080,1560
756272-0,1560,2080
879314-3,2080,1560
1537378-2,1500,2000
756197-0,2080,1560
766842-0,4608,3456
777270-0,2000,1500
669575-2,4000,3000
755962-1,2000,1500
860574-2,2000,1496
787793-0,3000,4000
851902-2,2592,1940
909581-0,2000,1500
2125789-0,1952,1464
745528-2,2000,1500
2039244-0,2304,1728
674249-2,4608,3456
755984-0,3456,4608
1353220-0,4000,3000
1022812-2,2000,1500
895133-2,1824,1368
1330694-0,2000,1500
779768-2,2040,1530
813837-1,2000,1500
868471-1,1500,2000
654847-2,2016,1512
755576-2,4608,3456
685988-0,2016,1512
807971-0,1728,2304
922364-2,2304,1728
781983-3,3456,4608
648058-0,2048,1536
1234176-1,3000,4000
868483-0,2736,3648
1908813-2,3000,4000
880179-1,4608,3456
756117-1,2080,1560
863321-0,1728,2304
766892-2,1536,2048
648060-1,3000,4000
809505-2,2000,1500
939062-0,1536,2048
927059-0,1560,2080
1353217-0,1536,2048
847865-0,1728,2304
513588-2,2048,1536
756211-2,1560,2080
885747-1,4000,3000
669682-0,2000,1500
648068-0,1632,1224
883771-2,3504,2628
902679-1,2048,1536
892135-2,2080,1560
755607-0,3000,4000
395086-2,4608,3456
839456-2,2080,1560
743822-2,2304,1728
918659-1,1500,2000
1240673-2,1560,2080
648057-1,1224,1632
844549-1,2080,1560
864130-1,1728,2304
811303-0,2000,1500
1970811-0,2000,1500
904539-1,1940,2592
514683-1,2736,3648
880900-2,4000,3000
935015-2,2304,1728
810536-1,1560,2080
2195904-1,1512,2016
940275-0,3456,4608
648024-1,3000,4000
756117-0,2080,1560
648065-0,1224,1632
869274-0,2000,1500
769919-1,2560,1920
755962-0,2000,1500
811273-0,3000,4000
2102618-0,1488,1984
728544-2,2000,1500
933199-2,1500,2000
1075898-1,1500,2000
758369-0,2304,1728
942313-2,2304,1728
1329797-0,1728,2304
879287-1,3648,2736
789097-1,1560,2080
807952-0,1224,1632
766892-4,1536,2048
576380-2,2000,1500
1390156-0,3456,4608
864511-2,2112,2816
805813-1,3456,4608
903708-2,2048,1536
942329-0,2000,1500
868471-2,2000,1500
1080058-1,2736,3648
877189-1,2736,3648
877737-2,2000,1500
1353800-0,2000,1500
1331366-1,1952,1464
509715-2,4000,3000
2248645-0,2080,1560
878497-1,1224,1632
121569-2,3648,2736
763299-2,2080,1560
1372076-1,1632,1224
868275-1,1952,1464
938982-0,2000,1500
566675-1,1560,2080
674255-0,1728,2304
1490932-1,1984,1488
897388-1,2016,1512
1330604-2,3648,2736
2094465-0,2048,1536
1311961-2,3504,2628
740314-2,1632,1224
1353225-1,1632,1224
805620-1,2736,3648
1377892-1,2000,1500
1077848-2,1224,1632
890844-0,2736,3648
1320007-1,2048,1536
744710-1,4608,3456
1011695-1,3456,4608
2102635-0,2000,1500
1936059-2,2000,1500
2181558-0,2016,1512
756271-0,1728,2304
2102603-0,2048,1536
844355-0,2736,3648
1353169-2,3504,2628
781008-0,1488,1984
807902-0,1728,2304
731640-0,4000,3000
895127-1,2048,1536
1305565-2,4000,3000
1982392-0,3000,4000
1699295-2,2080,1560
2208098-4,2080,1560
2241582-0,2080,1560
942299-0,2000,1500
706589-2,1984,1488
866412-2,3648,2736
546161-1,2736,3648
706596-2,1984,1488
883771-1,2628,3504
906683-0,1224,1632
1906427-2,1952,1464
883771-0,2628,3504
809418-1,3000,4000
879458-2,3648,2736
785846-1,1560,2080
864130-2,2304,1728
942283-1,2000,1500
787366-2,3648,2736
935120-2,4608,3456
972691-0,1728,2304
1194572-2,2080,1560
911407-2,2040,1530
756287-0,1536,2048
864160-2,4000,3000
910170-0,1560,2080
744691-0,2000,1500
1959784-0,2000,1500
868230-2,1560,2080
879314-1,2080,1560
623868-1,2080,1560
838408-1,2736,3648
769901-1,2080,1560
514734-1,1368,1824
785100-0,2736,3648
970880-0,1632,1224
644462-1,2736,3648
2251336-0,2736,3648
2192272-0,2736,3648
2135980-0,2048,1536
648048-2,2304,1728
1971561-2,1536,2048
844944-2,2048,1536
234065-2,1500,2000
811125-7,2080,1560
847770-0,2736,3648
553178-1,3456,4608
2191843-0,3648,2736
674245-2,4608,3456
756268-2,1560,2080
733471-0,1488,1984
868229-0,2112,2816
2192290-1,3456,4608
935636-2,2040,1530
2212903-0,1500,2000
929901-0,2560,1920
922950-0,3000,4000
920336-1,3000,4000
988705-1,2000,1500
910941-2,2048,1536
513617-0,2736,3648
2017821-1,3456,4608
906549-1,1560,2080
885747-0,4000,3000
1015439-0,4000,3000
943226-1,3000,4000
1227349-1,1224,1632
813914-0,1500,2000
990555-0,1224,1632
2209203-4,2080,1560
669622-1,1224,1632
756001-0,2000,1500
756285-1,1536,2048
1343564-0,1728,2304
844740-1,3000,4000
811359-1,2000,1500
870374-3,2112,2816
705559-1,2016,1512
596185-1,3456,4608
756203-2,2304,1728
669618-2,4000,3000
980783-2,2080,1560
586937-2,2736,3648
1061966-0,1504,1128
2233227-0,2736,3648
762207-0,2016,1512
654827-1,2016,1512
2082911-2,2000,1500
632079-1,1488,1984
755952-2,4608,3456
810608-1,1496,2000
809439-2,4000,3000
869598-0,1224,1632
939067-0,1500,2000
2207926-1,2080,1560
766961-1,1464,1952
994158-1,2000,1500
669720-1,3456,4608
764235-2,2312,1734
671655-0,2016,1512
907187-2,1504,1128
810353-1,1728,1296
805689-0,2080,1560
870863-2,1728,2304
1418895-1,1560,2080
772787-1,2000,1500
654915-2,2304,1728
559264-1,3000,4000
1021655-0,3456,4608
1015478-1,1500,2000
881407-2,2016,1512
862080-0,2736,3648
864814-2,4608,3456
1014987-1,2048,1536
808142-0,2000,1500
949306-0,1500,2000
810340-0,1224,1632
1674461-2,2304,1728
781983-2,4608,3456
810554-0,2080,1560
805832-2,3648,2736
2193475-0,3648,2736
935637-2,1632,1224
2082911-1,2000,1500
2178180-2,2048,1536
753389-0,4000,3000
769919-0,1920,2560
621482-0,4000,3000
520054-0,2736,3648
756226-2,1560,2080
1061966-2,1504,1128
762319-2,3456,4608
1011702-0,3456,4608
669645-1,3000,4000
1226595-0,2000,1500
671920-2,2304,1728
785095-3,1488,1984
2193499-0,1952,1464
810553-2,1560,2080
936164-2,3648,2736
1046257-1,2304,1728
941283-1,4000,3000
1282516-2,4608,3456
847252-1,1500,2000
648032-1,1368,1824
2178911-0,2048,1536
1942746-0,1536,2048
1018722-0,2304,1728
812239-1,1632,1224
851885-1,1500,2000
882872-4,2080,1560
1282516-0,3456,4608
648065-1,1632,1224
766812-0,2000,1500
881608-0,1496,2000
813913-0,3456,4608
1948798-0,2048,1536
1354664-2,4608,3456
2211229-1,1512,2016
937053-0,1560,2080
810340-1,1224,1632
2017821-0,3456,4608
870863-1,1728,2304
744675-1,1728,2304
807166-2,2000,1500
546164-0,3648,2736
883137-2,4000,3000
1311928-2,4000,3000
935634-1,1224,1632
1451327-1,1500,2000
1001310-2,1632,1224
1015284-0,2040,1536
581692-2,1824,1368
810608-0,1496,2000
889276-1,4000,3000
808836-0,2080,1560
2208032-0,2080,1560
767672-1,2080,1560
970854-0,2736,3648
685988-1,1512,2016
755592-2,4608,3456
714767-0,2080,1560
894791-0,4000,3000
1371573-2,2080,1560
2156575-0,1940,2592
2242492-0,1952,1464
810480-1,1728,1296
805861-1,3456,4608
765800-1,2304,1728
654836-2,2016,1512
1353538-2,3456,4608
767357-2,1500,2000
755582-2,4608,3456
756231-2,2304,1728
2252585-0,1632,1224
758497-0,1224,1632
1350434-1,3000,4000
885608-0,2304,1728
648060-2,4000,3000
888096-1,1488,1984
669615-1,4608,3456
559454-0,3000,4000
785846-0,2080,1560
756323-0,1560,2080
755592-0,3456,4608
1363709-2,3000,4000
669715-2,1224,1632
870374-0,2816,2112
654847-1,2016,1512
1343963-0,2016,1512
933061-0,4000,3000
807902-1,1728,2304
809419-0,2048,1536
755607-1,3000,4000
1353538-0,4608,3456
756288-0,1536,2048
1035677-1,2016,1512
788925-0,4608,3456
883200-0,3456,4608
1252055-3,3456,4608
1015544-1,2000,1500
1618408-0,1560,2080
2007795-0,2000,1500
581672-2,4000,3000
755667-0,3000,4000
742216-1,2040,1536
937060-1,3456,4608
2233227-2,3648,2736
949598-1,3000,4000
888096-0,1488,1984
1954745-2,1728,2304
2207926-4,2080,1560
847094-0,2016,1512
757564-2,2080,1560
2015669-2,2000,1500
806235-0,1984,1488
1080058-2,3648,2736
811969-0,4000,3000
880899-0,1496,2000
768296-2,1984,1488
691408-0,2016,1512
937060-0,4608,3456
885816-0,3456,4608
895731-1,2080,1560
745528-1,1500,2000
514734-2,1824,1368
674249-1,3456,4608
1014771-0,1560,2080
937055-2,2040,1536
939059-0,1224,1632
648048-0,1728,2304
1355760-1,2000,1500
878071-2,2016,1512
780188-1,2080,1560
780196-0,2080,1560
939059-2,1632,1224
654836-0,2016,1512
1002746-2,2000,1500
807253-0,1500,2000
1100860-1,1488,1984
905001-1,2736,3648
1281107-2,4000,3000
756231-0,1728,2304
881713-1,1530,2040
1102497-1,1500,2000
888104-0,1488,1984
786072-2,2080,1560
848594-2,2016,1512
1100762-0,1632,1224
1053717-0,1560,2080
861997-0,2040,1530
622068-2,2016,1512
848594-0,2016,1512
843466-1,3000,4000
766842-1,3456,4608
884655-0,1632,1224
735431-1,2000,1500
2082916-1,2000,1500
806354-2,2000,1500
755576-0,3456,4608
810480-0,1728,1296
1341644-0,2080,1560
849852-0,2048,1536
1353218-1,3000,4000
923580-0,1560,2080
776958-2,2304,1728
1281271-0,2048,1536
1311928-4,3000,4000
1054361-2,1560,2080
811369-2,4000,3000
2010835-1,1560,2080
690080-2,1512,2016
691408-2,1512,2016
739261-2,1560,2080
2007795-1,2000,1500
1353217-1,1536,2048
844549-2,2080,1560
805685-2,1632,1224
953160-0,2000,1500
776946-0,1728,2304
623884-0,2080,1560
909581-2,1500,2000
886077-1,1632,1224
2179152-1,2312,1734
2052522-2,2000,1500
2098783-0,3648,2736
566679-1,3456,4608
839898-1,1560,2080
2251785-0,2000,1500
940649-1,2080,1560
868229-2,2112,2816
2097710-0,2048,1536
901951-0,2016,1512
2179140-2,2000,1500
757972-0,2736,3648
1282164-0,2016,1512
546055-0,3456,4608
1087581-1,2112,2816
904679-2,1560,2080
757979-2,3648,2736
2207926-0,2080,1560
892135-1,1560,2080
895590-2,2000,1500
759785-1,2736,3648
1001321-0,1464,1952
735430-0,3456,4608
1002510-2,1632,1224
939363-2,4096,3072
2212903-1,1500,2000
815522-0,1984,1488
1100860-2,1488,1984
1017265-2,1560,2080
918655-1,1728,2304
1137344-1,1464,1952
681083-0,2016,1512
1307747-1,3456,4608
1305686-1,3456,4608
771950-1,3000,4000
691383-1,1512,2016
755983-2,2000,1500
868484-0,1496,2000
685602-0,2000,1500
648043-2,4608,3456
1076136-2,2016,1512
876139-2,2080,1560
1418132-2,1560,2080
965951-1,2736,3648
1350434-2,4000,3000
853999-1,2628,3504
848591-2,2000,1496
2223846-0,4608,3456
756296-1,2080,1560
1184380-0,3456,4608
970912-2,4000,3000
2156630-1,2048,1536
756197-2,2080,1560
808370-2,2312,1734
631947-0,1224,1632
1155371-2,2048,1536
669729-0,2000,1500
811296-0,2016,1512
2242499-2,1464,1952
1075869-0,2000,1500
2241689-0,1940,2592
763299-1,2080,1560
885610-1,2040,1530
805835-0,3456,4608
1936045-1,1500,2000
811356-0,3456,4608
923404-0,4000,3000
935636-0,2040,1530
756323-1,1560,2080
1076798-1,3000,4000
2234471-1,2736,3648
870729-1,1488,1984
2007819-1,2736,3648
767674-1,2080,1560
654844-1,2016,1512
1025994-1,4000,3000
2248645-1,2080,1560
1021648-2,3504,2628
813914-1,1500,2000
811281-0,4608,3456
939052-2,4000,3000
1282164-1,1512,2016
918551-0,1728,2304
782508-1,2000,1500
648028-1,4608,3456
758497-1,1224,1632
970819-0,3000,4000
765751-2,2000,1500
847882-0,2000,1500
745527-0,1632,1224
937048-1,1500,2000
2208032-1,2080,1560
879457-1,2736,3648
654915-1,2304,1728
865164-1,1560,2080
1110103-2,3000,4000
2179175-2,2000,1500
849560-0,3456,4608
1106765-0,4608,3456
648026-0,3456,4608
1954462-0,3000,4000
810375-2,1920,2560
960087-1,2000,1500
756213-2,2080,1560
395086-0,3456,4608
935569-1,3456,4608
690080-0,1512,2016
674281-2,1488,1984
885610-0,2040,1530
669652-2,4000,3000
1021655-1,3456,4608
810540-0,2080,1560
2223852-1,3648,2736
937050-0,1560,2080
766932-1,2000,1500
1018645-0,3456,4608
1009828-1,2016,1512
806307-2,1560,2080
760067-2,4096,3072
1451327-0,1500,2000
981552-1,2080,1560
1115515-2,2000,1500
654840-1,3000,4000
971940-0,2080,1560
756296-0,2080,1560
1355164-0,2000,1500
669592-1,4000,3000
581692-0,1368,1824
1251843-2,3648,2736
2241582-1,2080,1560
622064-0,2016,1512
839407-1,1224,1632
1081383-1,2304,1728
1264166-0,2736,3648
762504-0,2080,1560
842376-0,4000,3000
942306-1,1728,2304
879459-2,3648,2736
765467-2,2000,1500
758421-1,1488,1984
885799-2,1632,1224
1377892-2,2000,1500
1518225-0,1984,1488
971417-1,2048,1536
756230-2,2000,1500
612537-2,1632,1224
2214698-2,1632,1224
2209203-2,2080,1560
1385958-2,4096,3072
863321-2,2304,1728
1011702-1,3456,4608
669733-1,2000,1500
918655-0,1728,2304
939347-0,1500,2000
993387-2,2000,1500
768296-1,1488,1984
849600-2,2000,1500
514677-0,4000,3000
767012-1,1224,1632
848562-1,2312,1734
975745-0,3504,2628
843407-1,1496,2000
121569-1,2736,3648
863453-2,3648,2736
2029000-0,2000,1500
810617-0,1496,2000
234065-1,1500,2000
878391-2,2040,1536
885835-0,2592,1940
878497-2,1632,1224
756136-1,2080,1560
673930-0,2736,3648
680998-1,1512,2016
869598-2,1632,1224
1017266-2,3456,4608
514705-0,3456,4608
937046-0,3648,2736
2193471-1,2736,3648
992689-2,2312,1734
2233247-0,2736,3648
810730-2,2816,2112
936164-0,2736,3648
691383-2,1512,2016
813837-2,2000,1500
740308-1,4000,3000
1373893-0,1488,1984
2135785-1,2080,1560
733139-2,2080,1560
864819-1,1224,1632
756280-2,2080,1560
776954-1,1728,2304
866618-1,3000,4000
2052523-3,4608,3456
1291190-2,1500,2000
905660-0,1152,864
1519358-0,2000,1500
2033885-2,2040,1530
941218-2,1560,2080
1281107-0,3000,4000
2033854-1,2048,1536
1240673-1,1560,2080
756121-0,2080,1560
938078-1,2016,1512
762314-0,1940,2592
933425-1,1500,2000
669725-2,1824,1368
756188-2,2048,1536
939359-0,2080,1560
845269-2,1560,2080
1498443-0,4608,3456
728793-0,1632,1224
2137420-2,4608,3456
586902-2,4000,3000
848579-0,1488,1984
992689-1,2312,1734
681083-2,1512,2016
783711-1,3456,4608
669720-0,3456,4608
940649-2,2080,1560
868469-1,1500,2000
745565-2,2040,1536
519350-2,4608,3456
715496-2,2016,1512
1015596-0,1952,1464
2257218-1,1536,2048
897388-0,2016,1512
782508-0,2000,1500
875726-2,3648,2736
895182-1,3000,4000
808078-0,2016,1512
2195977-0,1536,2048
763810-2,2016,1512
762314-1,1940,2592
1954745-1,1728,2304
768296-0,1488,1984
863779-2,2304,1728
936070-1,864,1152
1353216-0,2000,1500
1137344-2,1464,1952
862252-2,2016,1512
805775-2,4608,3456
1355164-2,2000,1500
811282-2,2736,3648
673930-2,3648,2736
938078-0,2016,1512
888073-0,2048,1536
786065-0,2080,1560
681112-0,2016,1512
758497-2,1632,1224
669609-1,2000,1500
910743-0,2736,3648
1355164-1,2000,1500
876890-0,2000,1500
654934-0,1464,1952
735440-0,2000,1500
878831-2,4000,3000
888104-1,1488,1984
925330-0,1728,2304
648069-1,2736,3648
922950-2,4000,3000
2015669-1,2000,1500
1016981-0,2736,3648
673986-2,2736,3648
1372076-2,1632,1224
1005457-0,2000,1500
648069-0,3648,2736
856132-0,1728,2304
949600-2,2016,1512
880141-0,3456,4608
805813-2,4608,3456
681112-2,1512,2016
1001061-1,3504,2628
910939-1,2048,1536
1035677-2,2016,1512
735459-2,1560,2080
623880-1,2080,1560
844740-2,4000,3000
2178917-1,2016,1512
2200414-2,4608,3456
789097-2,2080,1560
783711-2,4608,3456
756184-0,1728,2304
900160-0,2112,2816
925330-2,2304,1728
876165-3,1560,2080
556886-2,4608,3456
756316-2,2000,1500
981552-0,1560,2080
756114-2,2080,1560
648082-1,1296,1728
1969389-1,1296,972
1017265-1,2080,1560
877775-1,2736,3648
1674461-1,2304,1728
1252030-2,2000,1500
756180-1,3000,4000
681112-1,1512,2016
660472-2,2080,1560
654915-0,2304,1728
762341-0,2736,3648
993387-1,2000,1500
1353119-1,2016,1512
810593-0,2000,1496
1077861-2,2080,1560
862080-1,2736,3648
864153-0,2048,1536
673986-0,3648,2736
1150281-1,2080,1560
810617-2,2000,1496
977930-1,2016,1512
864165-2,1984,1488
881713-0,1530,2040
756185-0,2000,1500
1100772-0,960,720
674067-1,1224,1632
807547-0,2080,1560
918488-1,2736,3648
805839-1,1560,2080
669640-0,3456,4608
878496-1,1500,2000
756230-1,1500,2000
850967-0,1560,2080
970854-2,3648,2736
669729-1,1500,2000
644562-0,3456,4608
2033885-1,2040,1530
918542-0,2736,3648
879287-0,2736,3648
1127522-1,1224,1632
756203-1,1728,2304
766340-1,1728,2304
864156-0,4000,3000
763100-0,2080,1560
805906-0,3456,4608
648067-2,4000,3000
756124-0,2080,1560
2252585-1,1224,1632
1015498-2,2000,1500
765328-1,2080,1560
756115-0,2080,1560
942318-1,1728,2304
839449-0,1560,2080
903708-0,2048,1536
1963889-2,2000,1500
1504496-1,1560,2080
839465-1,2080,1560
596185-0,3456,4608
877390-1,2040,1530
1014987-2,2048,1536
691408-1,1512,2016
935023-2,3648,2736
744636-2,2048,1536
674249-0,3456,4608
1015503-2,4000,3000
648054-0,1368,1824
669664-2,4608,3456
636955-1,1952,1464
883137-1,3000,4000
856211-0,1488,1984
1145073-2,2112,2816
839455-1,1560,2080
882729-1,3648,2736
810553-1,1560,2080
1148229-1,2000,1500
756136-2,2080,1560
648038-1,3456,4608
930816-2,4608,3456
740316-1,1728,2304
868491-0,2736,3648
669672-2,1632,1224
807547-2,2080,1560
935079-0,2000,1500
762314-2,2592,1940
780188-2,2080,1560
1136311-1,1560,2080
936999-2,2080,1560
756197-1,2080,1560
886827-0,4000,3000
1001061-0,3504,2628
1015498-1,1500,2000
671920-1,1728,2304
770805-1,2000,1500
706596-1,1488,1984
864158-1,3000,4000
904560-0,1728,2304
2052522-1,2000,1500
993090-1,2736,3648
608815-0,2000,1500
1370839-2,1632,1224
1150332-1,1560,2080
776954-2,2304,1728
756285-0,1536,2048
848768-0,2016,1512
811282-0,3648,2736
905979-2,2048,1536
844864-0,2040,1530
899505-0,2040,1530
226142-1,1500,2000
226142-0,2000,1500
1149797-0,1224,1632
1016927-3,2000,1500
1570615-2,2080,1560
776946-1,1728,2304
2100334-2,2048,1536
1014979-0,1500,2000
922950-1,3000,4000
2225911-2,2592,1940
728789-0,1952,1464
810540-1,1560,2080
935011-2,1224,1632
998388-0,3456,4608
807885-1,3456,4608
1150281-0,1560,2080
669640-2,4608,3456
756199-0,1536,2048
845020-0,4608,3456
1273581-0,2628,3504
1352124-2,4608,3456
878030-2,2112,2816
1081383-0,2304,1728
728798-2,1224,1632
998807-1,1560,2080
1001310-1,1632,1224
960081-1,1224,1632
763810-0,2016,1512
1005457-1,2000,1500
942329-1,2000,1500
864819-0,1224,1632
772151-2,4608,3456
939065-1,3000,4000
2052518-1,3000,4000
1184429-1,1500,2000
674264-1,3456,4608
1298601-1,1224,1632
953088-0,2000,1500
780196-2,2080,1560
875117-0,2080,1560
756186-1,2000,1500
997367-2,2048,1536
756303-0,2000,1500
669752-1,3456,4608
865698-1,2736,3648
1148229-2,2000,1500
810537-0,1984,1488
669645-2,3000,4000
680361-2,1512,2016
2192290-0,3456,4608
764163-0,2080,1560
930816-1,3456,4608
1906427-1,1464,1952
1092376-1,1224,1632
1149001-1,1560,2080
844316-1,1224,1632
1971561-0,2048,1536
697153-2,4608,3456
756322-2,2048,1536
669729-2,1500,2000
1100390-2,1632,1224
1311928-0,3000,4000
1149840-2,2000,1500
877390-2,2040,1530
1081372-1,1224,1632
755581-0,3456,4608
972683-0,3456,4608
1360233-0,3072,4080
916251-1,2000,1500
811108-1,4608,3456
1017265-0,1560,2080
910941-0,2048,1536
1985400-2,3456,4608
756000-1,2000,1500
740369-0,2080,1560
2241689-2,2592,1940
622014-2,2000,1500
2033814-1,2048,1536
2220750-0,2000,1500
875105-1,2080,1560
669576-2,2000,1500
669681-2,1632,1224
809505-0,2000,1500
925045-0,2736,3648
808123-0,2016,1512
764256-1,3456,4608
2214279-2,1952,1464
559264-2,3000,4000
673986-1,2736,3648
749423-3,2304,1728
1717812-0,1500,2000
813908-2,3648,2736
1973312-0,2000,1500
2240370-2,2304,1728
523315-0,2000,1500
767012-2,1224,1632
669622-2,1632,1224
669744-0,4000,3000
971255-1,3456,4608
949596-1,2016,1512
925145-2,3648,2736
845269-0,1632,1224
581694-1,3000,4000
766813-0,2000,1500
622040-0,2016,1512
669618-1,3000,4000
1297893-0,3456,4608
937053-1,1560,2080
2136039-0,2048,1536
922364-3,2304,1728
756139-0,1464,1952
918467-1,1728,2304
865466-1,2000,1500
1015478-0,1500,2000
1075898-2,2000,1500
1234176-2,4000,3000
949306-1,1500,2000
2094877-0,2304,1728
918542-2,3648,2736
1184429-2,2000,1500
758018-2,3648,2736
586861-1,1728,2304
789144-1,2080,1560
860577-0,2000,1500
1072707-1,1560,2080
868230-0,2080,1560
870729-0,1984,1488
756184-2,2304,1728
847882-1,2000,1500
648044-0,3456,4608
1011695-0,3456,4608
546161-0,3648,2736
2055262-0,2000,1500
918004-1,2080,1560
894393-1,3456,4608
1106655-2,2000,1500
810438-2,4608,3456
648065-2,1224,1632
632300-0,1952,1464
758369-2,2304,1728
864158-0,3000,4000
2034042-0,1632,1224
813184-2,1632,1224
1281374-2,1560,2080
1001321-2,1952,1464
669698-2,4608,3456
2231134-2,4608,3456
995605-0,2736,3648
879876-1,3456,4608
766812-2,2000,1500
808837-1,1560,2080
936854-0,1500,2000
2214305-1,1560,2080
2033814-0,2048,1536
549757-1,2304,1728
888096-2,1984,1488
756233-2,2048,1536
2207997-1,2080,1560
758043-0,2736,3648
865698-2,3648,2736
1021652-1,1560,2080
934105-0,2048,1536
1087581-2,2816,2112
1017251-0,2736,3648
2004417-2,2000,1500
811172-0,4000,3000
1954745-0,2304,1728
911407-1,1530,2040
667234-2,4608,3456
1252030-1,2000,1500
848562-0,2312,1734
875117-2,2080,1560
1037063-0,1728,2304
781008-1,1488,1984
2241582-2,2080,1560
918467-0,1728,2304
694271-1,1952,1464
1001322-2,3000,4000
807971-2,2304,1728
925330-1,1728,2304
941283-0,4000,3000
2052525-2,4000,3000
1353119-2,2016,1512
993472-1,3000,4000
673974-2,2080,1560
556886-1,3456,4608
965951-0,2736,3648
2220741-1,4000,3000
845269-1,1560,2080
885608-2,1728,2304
838497-2,1224,1632
807952-2,1632,1224
648080-0,4608,3456
1227349-2,1224,1632
674067-0,1224,1632
685602-1,2000,1500
767672-2,2080,1560
1372076-0,1632,1224
805839-0,1560,2080
788925-2,3456,4608
888055-1,2000,1500
756317-1,1464,1952
680359-0,1224,1632
918652-2,2304,1728
783575-1,2080,1560
870090-1,2016,1512
740309-2,4000,3000
581685-1,1500,2000
911143-1,2080,1560
2102635-2,2000,1500
669635-1,4000,3000
813911-2,2000,1500
1355784-2,3648,2736
2066141-0,1536,2048
648070-1,3000,4000
751684-1,1508,2016
2145222-0,1728,2304
1257802-0,3456,4608
669681-0,1224,1632
1058098-1,2048,1536
849664-1,1500,2000
2031242-0,3456,4608
859199-0,1728,2304
895737-2,2080,1560
877189-0,2736,3648
942310-1,2736,3648
977872-1,1728,2304
896438-1,1500,2000
810733-2,2000,1500
2033841-1,2040,1530
781954-1,2016,1512
706043-0,2304,1728
2231134-0,4608,3456
755961-2,2016,1512
813060-0,2304,1728
765751-1,1500,2000
747265-2,2040,1536
2181558-2,2016,1512
810592-2,4608,3456
2007787-1,3456,4608
1281374-0,2080,1560
839465-2,2080,1560
1009442-1,3456,4608
766979-2,2016,1512
756195-2,1560,2080
935638-1,2040,1530
756001-1,2000,1500
663546-2,4000,3000
728379-0,2016,1512
844549-3,1560,2080
949675-1,3000,4000
2211229-0,1512,2016
654884-0,2016,1512
808127-0,2000,1500
744710-0,3456,4608
938346-2,2000,1500
1133032-1,2628,3504
1079822-1,2080,1560
839897-0,1560,2080
1763310-1,2000,1500
756300-0,2016,1512
937059-0,3456,4608
2193487-2,2080,1560
648062-2,4000,3000
920336-0,3000,4000
648044-1,3456,4608
878030-3,2112,2816
2033841-0,2040,1530
1330890-2,4000,3000
777921-2,2080,1560
810166-3,2080,1560
666807-0,1224,1632
740354-2,2048,1536
1014985-0,2736,3648
728544-0,2000,1500
1570616-1,1560,2080
2015669-0,2000,1500
923399-1,1728,2304
733471-1,1488,1984
747310-0,1224,1632
766804-2,2000,1500
865164-2,1560,2080
923580-1,1560,2080
2241461-0,3648,2736
669612-1,1224,1632
756267-1,1560,2080
807260-0,1500,2000
781104-0,2048,1536
1291190-1,1500,2000
878030-1,2112,2816
2166762-2,1984,1488
864919-0,1500,2000
805906-2,4608,3456
926240-0,1728,2304
768286-0,1488,1984
1015478-2,2000,1500
2223755-2,4000,3000
853998-2,2000,1500
1263928-1,1728,2304
876165-2,1560,2080
805620-0,2736,3648
972691-2,2304,1728
730042-2,2016,1512
2039741-0,3000,4000
1075869-1,2000,1500
739231-1,2080,1560
968576-1,3000,4000
1115515-1,2000,1500
740319-1,1728,2304
882659-0,2736,3648
759785-2,3648,2736
1166692-1,1940,2592
968462-2,4608,3456
730042-0,2016,1512
728795-1,1224,1632
586910-1,3000,4000
968460-1,3456,4608
810568-0,1488,1984
851902-0,1940,2592
632079-2,1984,1488
2007833-2,4608,3456
968576-0,3000,4000
809439-1,3000,4000
1006001-0,1224,1632
1051806-2,2000,1500
2170754-0,2736,3648
848591-1,1496,2000
546055-1,3456,4608
876139-0,2080,1560
935569-0,3456,4608
758018-0,2736,3648
863122-1,1728,2304
757979-0,2736,3648
1717812-1,1500,2000
735434-2,1500,2000
762852-2,1500,2000
661321-1,1488,1984
755952-1,4608,3456
875726-1,2736,3648
654910-0,2304,1728
1106765-2,4608,3456
769901-0,2080,1560
2034042-2,1632,1224
934105-1,2048,1536
2096095-1,2000,1500
863779-1,1728,2304
728787-1,1952,1464
756181-2,2048,1536
1015501-0,3000,4000
755667-1,4000,3000
648080-1,3456,4608
1343564-2,2304,1728
2214305-2,2080,1560
756227-2,1952,1464
586902-0,4000,3000
1906427-0,1464,1952
886987-2,2304,1728
766979-1,2016,1512
747635-0,1224,1632
852134-1,1500,2000
1570615-1,1560,2080
888967-2,2080,1560
813820-2,1464,1952
1358080-1,1728,2304
2223852-0,2736,3648
1331692-2,2080,1560
2072668-0,864,1152
876883-1,3648,2736
781937-0,4608,3456
876984-1,1496,2000
2208179-1,2080,1560
740311-1,3000,4000
730030-1,2016,1512
2100334-1,2048,1536
2007220-3,2048,1536
608742-0,1632,1224
2191823-1,3648,2736
856132-2,2304,1728
733471-2,1984,1488
1034226-1,2304,1728
806329-1,2000,1500
696732-0,2080,1560
811303-2,2000,1500
758006-1,2736,3648
811384-1,1728,2304
854371-2,3456,4608
754026-2,4096,3072
907088-2,1632,1224
861931-1,1560,2080
970880-2,1632,1224
673930-1,2736,3648
673963-1,1560,2080
756284-0,1464,1952
777053-0,1920,2560
648026-2,4608,3456
860282-2,1296,1728
775647-2,4608,3456
756283-0,1464,1952
878068-0,2016,1512
935635-1,2040,1530
1128594-2,2000,1500
895737-1,1560,2080
815772-2,1560,2080
847956-0,1560,2080
758421-0,1488,1984
849560-1,3456,4608
868229-1,2112,2816
756227-0,1464,1952
756207-1,1632,1224
895140-1,3456,4608
1384268-2,2628,3504
1373893-2,1984,1488
2225911-1,1940,2592
882659-2,3648,2736
960087-0,2000,1500
811273-1,3000,4000
1138940-1,1536,2048
622033-0,1464,1952
770159-0,2080,1560
2082909-0,2048,1536
622069-1,2016,1512
811125-5,2080,1560
811108-2,4608,3456
674246-1,2080,1560
623880-0,2080,1560
940171-1,2080,1560
847252-0,1500,2000
903719-0,1500,2000
882657-2,2304,1728
876963-2,1632,1224
813913-2,4608,3456
755716-1,2080,1560
745542-1,1500,2000
1618408-1,1560,2080
636955-2,1952,1464
813060-2,2304,1728
2085938-1,1500,2000
905660-2,864,1152
1079789-0,1560,2080
811666-2,1984,1488
2233208-0,3648,2736
1138940-0,2048,1536
1149797-1,1224,1632
728795-2,1224,1632
740354-0,1536,2048
648062-0,4000,3000
744691-1,2000,1500
1985400-1,3456,4608
756124-1,1560,2080
1149994-2,1632,1224
648058-2,2048,1536
2092597-0,1500,2000
1384268-3,2628,3504
868469-2,2000,1500
2156575-1,1940,2592
879448-1,2736,3648
2033854-2,2048,1536
669563-0,3456,4608
758002-1,2736,3648
699226-0,4000,3000
1282164-3,1512,2016
1699295-0,1560,2080
2052527-2,4000,3000
888082-1,2048,1536
879457-0,2736,3648
933199-1,1500,2000
669635-2,4000,3000
879458-1,2736,3648
813820-0,1952,1464
839368-2,2000,1496
762607-0,2000,1500
811384-0,2304,1728
768939-0,3456,4608
997367-0,2048,1536
1258298-0,1560,2080
728796-1,1224,1632
775304-1,1512,2016
648062-1,3000,4000
706589-0,1488,1984
844793-2,4000,3000
1353225-0,1224,1632
856211-2,1488,1984
1763310-0,1500,2000
869598-1,1224,1632
785330-2,4608,3456
863779-0,1728,2304
910174-1,1728,2304
879459-1,2736,3648
999155-1,1536,2048
813060-1,2304,1728
2052525-1,3000,4000
806320-0,2816,2112
906683-1,1224,1632
2135980-1,2048,1536
905738-0,2048,1536
1309546-0,3456,4608
849248-1,2000,1500
966319-0,2736,3648
669637-2,1632,1224
2092597-2,2000,1500
1345869-2,3504,2628
905918-1,2000,1500
2007819-2,3648,2736
1016981-1,2736,3648
940171-0,2080,1560
811283-0,3456,4608
2240809-0,2048,1536
1390156-2,3456,4608
895127-0,2048,1536
674243-2,1488,1984
882658-2,4608,3456
840629-1,2000,1496
918613-0,3456,4608
785550-2,4608,3456
990626-0,1500,2000
923074-0,2080,1560
766349-1,2000,1500
669563-2,4608,3456
839896-1,2080,1560
882652-2,3456,4608
939078-0,4000,3000
847697-2,2304,1728
839301-0,2312,1734
862252-1,1512,2016
938086-2,2000,1500
892727-0,2304,1728
1018722-1,2304,1728
762608-0,1500,2000
1319986-1,2304,1728
1128594-1,2000,1500
807260-2,2000,1500
2135740-2,3648,2736
844440-2,2000,1500
968460-0,3456,4608
654884-2,2016,1512
549757-2,2304,1728
810731-1,2000,1500
1370839-1,1224,1632
509715-1,3000,4000
844440-0,2000,1500
1021205-2,2080,1560
904679-1,1560,2080
895590-1,1500,2000
674245-0,3456,4608
673963-0,1560,2080
968467-0,3456,4608
1353218-0,3000,4000
1227349-0,1224,1632
771950-0,3000,4000
776952-0,1728,2304
566673-0,1728,2304
756181-1,1536,2048
942287-0,2816,2112
2178911-2,2048,1536
976247-2,2000,1500
1282164-2,1512,2016
779693-0,2736,3648
2198792-1,2000,1500
770159-2,2080,1560
1205446-0,1152,864
937050-2,2080,1560
1037063-2,2304,1728
1618408-2,2080,1560
2033826-1,2048,1536
998388-2,4608,3456
999153-3,4000,3000
756184-1,1728,2304
744679-0,1728,2304
1447064-1,2628,3504
942321-0,2112,2816
1699295-1,1560,2080
2207997-4,2080,1560
847697-0,1728,2304
756233-1,1536,2048
863453-1,2736,3648
681004-2,1512,2016
681117-0,1224,1632
765778-1,2312,1734
1017266-1,3456,4608
811197-0,4608,3456
816446-0,2312,1734
1919323-0,2048,1536
744710-2,4608,3456
1330136-1,4608,3456
2085938-2,2000,1500
2052518-0,3000,4000
971417-0,2048,1536
854371-0,3456,4608
654903-1,1464,1952
756199-1,1536,2048
786076-1,2080,1560
920438-2,3648,2736
2033841-2,2040,1530
666424-0,3456,4608
1014987-0,2048,1536
756285-2,2048,1536
2179140-1,1500,2000
766955-2,4000,3000
906549-2,2080,1560
756317-0,1464,1952
681471-0,3456,4608
806352-1,2016,1512
986863-2,1560,2080
768697-2,4608,3456
673974-0,1560,2080
755577-1,3456,4608
860574-0,1496,2000
886081-1,1560,2080
847865-1,1728,2304
1002730-0,2000,1500
869718-1,2016,1512
844793-0,3000,4000
880059-1,1224,1632
805689-2,2080,1560
935722-2,3000,4000
895731-0,2080,1560
2235220-2,1224,1632
566678-2,3456,4608
755708-1,2080,1560
1498443-1,3456,4608
810726-1,3000,4000
927058-1,1560,2080
1500119-1,1560,2080
2028899-2,4608,3456
781008-2,1984,1488
648054-2,1824,1368
892727-1,2304,1728
874998-0,2080,1560
811365-2,2000,1500
960081-2,1632,1224
2051489-0,2016,1512
811297-2,2000,1500
869718-2,2016,1512
735430-1,3456,4608
2233247-1,3648,2736
728788-2,1952,1464
1015467-0,2048,1536
581685-2,1500,2000
864919-1,1500,2000
2102635-1,2000,1500
757982-2,1488,1984
756204-1,1728,2304
808099-1,1728,2304
766813-1,2000,1500
1971561-1,1536,2048
1054118-0,2304,1728
617374-1,1224,1632
895735-2,2080,1560
766960-2,1952,1464
1975644-1,2040,1536
757989-0,2736,3648
556914-2,4608,3456
2225911-0,1940,2592
648067-1,3000,4000
2114402-2,1224,1632
848625-0,2304,1728
1014979-1,1500,2000
949601-2,2016,1512
747265-1,2040,1536
756810-1,2736,3648
999153-2,3000,4000
743822-3,2304,1728
767357-1,1500,2000
839451-1,1560,2080
860282-3,1296,1728
918538-2,3648,2736
1970898-2,1560,2080
844446-1,1224,1632
767974-1,2016,1512
728788-0,1952,1464
766882-0,1728,2304
762504-2,1560,2080
776946-2,2304,1728
669612-2,1632,1224
622033-1,1464,1952
910941-1,2048,1536
1159368-2,4096,3072
669654-2,4000,3000
1712729-0,1728,2304
788317-2,2000,1500
1963889-1,2000,1500
740356-0,1536,2048
1281271-2,1536,2048
608742-1,1224,1632
885799-0,1224,1632
1092376-0,1224,1632
900287-0,4608,3456
849281-2,1560,2080
756139-1,1464,1952
669744-1,3000,4000
972691-1,2304,1728
787793-2,4000,3000
2234471-0,2736,3648
775074-0,2736,3648
940171-2,2080,1560
813908-1,2736,3648
671655-2,1512,2016
900160-1,2112,2816
696728-0,2016,1512
1051086-0,4000,3000
892740-0,3000,4000
876156-0,2000,1500
617908-1,1224,1632
2190987-0,4000,3000
2015606-2,3456,4608
968579-2,4000,3000
623836-0,1560,2080
905738-2,2048,1536
747635-1,1224,1632
2136255-2,3648,2736
843466-0,3000,4000
839455-2,2080,1560
648029-0,3456,4608
566678-0,4608,3456
1148229-0,2000,1500
1014984-1,2736,3648
844439-1,2312,1734
1015457-2,2080,1560
756202-2,2304,1728
808128-1,2000,1500
935079-2,2000,1500
1021650-2,1560,2080
758018-1,2736,3648
986863-0,1560,2080
2129349-1,2048,1536
780188-3,2080,1560
757989-1,2736,3648
514683-2,2736,3648
2241582-4,2080,1560
1311961-0,2628,3504
811368-0,2736,3648
775647-1,3456,4608
1360703-0,3456,4608
763444-2,3648,2736
1025994-0,3000,4000
1112487-2,3648,2736
654847-0,2016,1512
900161-0,1224,1632
1518225-1,1984,1488
2203502-1,3648,2736
2156630-2,2048,1536
1943152-0,2048,1536
707453-0,2304,1728
901826-1,2000,1500
648059-0,3648,2736
935772-2,4608,3456
756198-2,1560,2080
2034042-1,1632,1224
1127522-2,1632,1224
1251953-1,2736,3648
2240370-1,1728,2304
1537378-1,1500,2000
879876-2,4608,3456
810557-0,1488,1984
755578-1,1368,1824
669658-1,4000,3000
813837-0,2000,1500
839449-1,2080,1560
905001-0,2736,3648
998388-1,3456,4608
754026-1,3072,4096
995605-1,2736,3648
1948798-1,2048,1536
766957-0,3000,4000
669744-2,3000,4000
769943-0,2080,1560
913253-2,1632,1224
810353-0,1728,1296
2004417-1,2000,1500
749423-1,4000,3000
730030-2,2016,1512
810166-1,1560,2080
549757-0,2304,1728
942318-2,2304,1728
813184-0,1632,1224
2209203-3,2080,1560
876963-0,1224,1632
669588-1,2000,1500
759373-1,2080,1560
1330136-2,4608,3456
936999-1,1560,2080
926240-2,2304,1728
844944-1,1536,2048
886077-2,1224,1632
1282516-1,3456,4608
760140-2,1296,1728
895738-2,1560,2080
843466-2,4000,3000
806354-1,2000,1500
935638-0,2040,1530
1011699-2,1488,1984
810733-1,2000,1500
1619578-0,1464,1952
636955-0,1952,1464
1908813-0,4000,3000
1580528-0,4608,3456
2191854-2,3648,2736
808127-2,2000,1500
864156-2,4000,3000
862252-0,1512,2016
891928-0,1560,2080
1305565-0,3000,4000
586861-2,2304,1728
756289-0,2080,1560
1350434-0,3000,4000
811356-1,3456,4608
586937-1,2736,3648
907088-1,1224,1632
918488-0,2736,3648
731640-1,4000,3000
844776-1,1496,2000
669752-0,3456,4608
623880-2,2080,1560
844864-2,2040,1530
816443-0,2000,1500
742257-1,1984,1488
1149819-0,4000,3000
849906-0,2112,2816
1259952-2,2080,1560
939052-1,4000,3000
1159368-1,3072,4096
1009828-0,2016,1512
805861-0,3456,4608
2257218-2,1536,2048
930816-0,3456,4608
775074-1,2736,3648
810537-1,1984,1488
585952-2,2016,1512
787897-2,4608,3456
809419-2,2048,1536
811125-2,2080,1560
900287-1,3456,4608
755607-2,4000,3000
685988-2,1512,2016
970819-1,3000,4000
2051488-1,2000,1500
735437-2,4608,3456
775647-0,3456,4608
758006-2,3648,2736
757982-1,1488,1984
756267-2,2080,1560
1053717-1,1560,2080
735431-0,2000,1500
755592-1,3456,4608
519350-0,3456,4608
723252-1,1496,2000
622068-1,2016,1512
2051488-0,2000,1500
2040072-1,2000,1500
811350-1,3000,4000
2179152-0,2312,1734
981245-0,3072,4096
933453-2,4608,3456
860575-0,2736,3648
925145-1,2736,3648
1490932-0,1488,1984
854371-3,3456,4608
2102654-2,2000,1500
757985-1,2736,3648
559376-2,2080,1560
1094732-2,4000,3000
813909-2,1504,1128
2114402-0,1632,1224
2214291-0,1464,1952
1076798-2,4000,3000
2101825-0,2080,1560
756118-1,1560,2080
697163-1,1464,1952
755713-1,2080,1560
1202113-0,3072,4096
581672-0,4000,3000
1115582-0,2000,1500
663546-0,3000,4000
764163-1,2080,1560
234065-0,1500,2000
681471-1,4608,3456
757985-0,3648,2736
1353119-0,2016,1512
925045-1,2736,3648
756296-2,2080,1560
888073-1,2048,1536
1115515-0,2000,1500
755577-2,4608,3456
949598-0,3000,4000
2257218-0,2048,1536
1184380-1,3456,4608
2208098-2,2080,1560
546017-1,1728,2304
763444-1,2736,3648
810568-1,1984,1488
1226595-2,1500,2000
2007805-1,3456,4608
882872-2,1560,2080
810732-1,2000,1500
757585-0,2000,1500
754026-0,3072,4096
756810-2,3648,2736
866618-2,4000,3000
895140-2,4608,3456
763100-1,2080,1560
758006-0,2736,3648
610140-1,1224,1632
839465-0,1560,2080
1353790-1,2000,1500
1252055-0,3456,4608
807952-1,1224,1632
1919323-1,2048,1536
758124-0,2736,3648
1006062-0,2304,1728
949675-2,4000,3000
756267-0,1560,2080
1439847-1,1536,2048
644562-1,3456,4608
869718-0,2016,1512
1021650-0,2080,1560
1266184-2,2080,1560
622033-2,1952,1464
853998-0,2000,1500
811195-0,3456,4608
1001319-2,1952,1464
909530-1,1952,1464
930035-2,1952,1464
756186-2,2000,1500
1051806-1,2000,1500
981683-0,2048,1536
905918-0,2000,1500
783711-0,3456,4608
927058-2,1560,2080
878831-0,4000,3000
735430-2,4608,3456
2102603-1,2048,1536
865466-2,2000,1500
808099-2,2304,1728
1360233-1,3072,4080
808837-2,1560,2080
777054-1,3000,4000
937045-1,4608,3456
759331-0,2000,1500
869312-0,3456,4608
883154-2,2080,1560
949601-1,2016,1512
1083923-1,1560,2080
757582-0,2000,1500
895182-0,4000,3000
969331-0,2048,1536
1021648-0,3504,2628
669730-1,1560,2080
775102-0,4000,3000
848768-2,2016,1512
816446-2,2312,1734
756199-2,2048,1536
876883-0,2736,3648
839456-1,1560,2080
766392-2,4000,3000
936059-0,2000,1500
756286-1,1560,2080
808128-2,2000,1500
1330890-0,3000,4000
920336-2,4000,3000
882729-0,2736,3648
756209-0,1224,1632
1291190-0,2000,1500
868491-2,2736,3648
863122-0,1728,2304
648048-1,1728,2304
617908-2,1224,1632
622040-1,2016,1512
2007819-0,2736,3648
546158-1,3648,2736
1329533-2,2080,1560
1330694-1,2000,1500
933200-0,1224,1632
669652-0,4000,3000
648055-1,2000,1500
622014-1,2000,1500
2198285-0,2000,1500
2177649-1,1940,2592
1263928-2,1728,2304
2017836-1,4608,3456
936070-0,864,1152
1251970-1,2736,3648
623836-1,1560,2080
622069-0,2016,1512
1079789-1,1560,2080
788925-1,3456,4608
2207997-3,2080,1560
1011702-2,4608,3456
949675-0,3000,4000
1537378-0,2000,1500
2213661-2,4000,3000
993472-2,4000,3000
756284-2,1464,1952
894393-0,3456,4608
775102-2,4000,3000
1908813-1,3000,4000
1106655-1,2000,1500
706043-1,2304,1728
1087638-2,4000,3000
839884-1,1560,2080
910174-0,1728,2304
648082-3,1728,1296
1150332-0,1560,2080
766955-1,3000,4000
2087735-2,2016,1512
739228-0,2016,1512
849852-1,1536,2048
2214698-1,1224,1632
654844-2,2016,1512
1342951-2,1500,2000
863321-1,2304,1728
728796-0,1632,1224
941283-2,4000,3000
744508-1,1728,2304
1138940-2,1536,2048
2223755-0,4000,3000
868230-1,1560,2080
1353169-1,2628,3504
756272-1,1560,2080
1001319-1,1464,1952
879274-2,2048,1536
519350-1,3456,4608
1196018-2,2000,1500
2094877-1,1728,2304
2055976-1,3456,4608
674246-0,2080,1560
1022812-0,2000,1500
935000-1,2000,1500
937052-2,2000,1500
994156-0,2000,1500
2195977-2,1536,2048
648070-2,4000,3000
881213-0,2000,1500
1015284-2,2040,1536
765478-0,1488,1984
811197-2,3456,4608
2102618-2,1984,1488
766892-1,1536,2048
870548-2,2736,3648
690080-1,2016,1512
1282155-1,2016,1512
2052522-0,2000,1500
2225924-0,2048,1536
2193188-0,1952,1464
848579-1,1488,1984
764163-2,2080,1560
669730-0,1560,2080
938346-0,2000,1500
654821-0,2304,1728
766812-1,2000,1500
848579-2,1984,1488
1002730-2,2000,1500
938379-1,3000,4000
839456-0,1560,2080
1619578-1,1464,1952
806331-1,2016,1512
953160-2,1500,2000
756280-0,1560,2080
811125-4,2080,1560
756321-1,1224,1632
2156575-2,2592,1940
623644-1,3456,4608
654822-0,2304,1728
546164-1,2736,3648
886079-2,2304,1728
847333-2,1984,1488
935637-1,1224,1632
1021205-1,1560,2080
1954462-1,4000,3000
740315-1,1632,1224
1307753-2,4608,3456
839897-2,2080,1560
810538-1,1984,1488
1015501-1,4000,3000
768734-0,2000,1500
612526-2,1224,1632
745564-2,2736,3648
897381-2,4608,3456
1356525-0,3456,4608
810166-2,2080,1560
765467-1,2000,1500
740311-2,3000,4000
761238-0,1560,2080
1264166-2,3648,2736
875201-2,2080,1560
762608-1,1500,2000
808078-1,2016,1512
811125-9,2080,1560
777921-1,2080,1560
811273-2,4000,3000
808370-1,2312,1734
923399-2,2304,1728
805823-1,2736,3648
586910-2,3000,4000
888967-1,1560,2080
949599-0,2016,1512
755972-2,4608,3456
612523-2,1632,1224
2102654-0,2000,1500
937011-1,3456,4608
939345-2,1296,1728
849281-1,1560,2080
681174-0,2016,1512
927059-1,1560,2080
755582-0,3456,4608
740314-0,1224,1632
2007824-1,3456,4608
895140-0,3456,4608
904560-2,2304,1728
882658-0,4608,3456
755602-0,3456,4608
878347-2,1560,2080
744636-0,1536,2048
2171350-1,2304,1728
2055262-2,2000,1500
514677-1,3000,4000
811296-1,2016,1512
619053-0,3456,4608
1537985-2,2816,2112
1150304-0,2080,1560
654910-2,2304,1728
782377-0,3456,4608
785330-1,3456,4608
1251998-2,4608,3456
1385958-0,3072,4096
888055-2,2000,1500
1136311-0,2080,1560
673963-2,2080,1560
681502-0,2016,1512
1017251-1,2736,3648
612537-0,1224,1632
2102654-1,2000,1500
937054-2,2080,1560
935634-2,1632,1224
1063057-0,4608,3456
1014771-1,2080,1560
811125-0,2080,1560
885547-2,2048,1536
847956-2,2080,1560
918655-2,2304,1728
1251843-1,2736,3648
916251-2,2000,1500
809439-0,4000,3000
811282-1,2736,3648
1936045-2,2000,1500
2214279-1,1952,1464
756211-1,1560,2080
1149994-1,1224,1632
2178145-1,2048,1536
858695-0,4000,3000
922951-2,3456,4608
809510-0,2000,1500
893117-4,1560,2080
678865-2,3648,2736
1110103-0,4000,3000
844740-0,3000,4000
1087582-2,2000,1500
1006001-2,1632,1224
849248-2,2000,1500
861257-0,1728,2304
892740-2,3000,4000
1087638-1,3000,4000
805823-0,2736,3648
1943152-2,2048,1536
740337-2,1952,1464
807971-1,1728,2304
844355-1,2736,3648
849852-2,1536,2048
1054118-2,2304,1728
2208032-2,2080,1560
705152-0,2000,1500
768286-2,1984,1488
766842-2,3456,4608
756185-1,2000,1500
785330-0,3456,4608
2240809-2,2048,1536
623868-0,1560,2080
847956-1,1560,2080
760067-1,3072,4096
1959784-1,2000,1500
876165-1,2080,1560
857391-0,2736,3648
648028-2,4608,3456
1102755-2,2304,1728
810538-2,1984,1488
847697-1,1728,2304
1094732-1,3000,4000
589030-0,4000,3000
810731-0,2000,1500
1021660-0,1560,2080
2251336-1,2736,3648
2202669-0,4608,3456
2101202-0,1952,1464
671920-0,1728,2304
906549-0,1560,2080
1570616-2,2080,1560
844316-0,1224,1632
995313-3,2080,1560
680998-2,1512,2016
844449-2,1632,1224
886987-1,2304,1728
935120-1,3456,4608
756287-2,2048,1536
696728-2,2016,1512
1307747-0,3456,4608
680998-0,2016,1512
2234471-2,2736,3648
2137420-1,3456,4608
1712729-2,2304,1728
811297-1,1500,2000
669682-1,2000,1500
2192272-1,3648,2736
1009445-2,4608,3456
864919-2,2000,1500
1015279-0,2040,1536
1431132-0,2304,1728
596206-1,2000,1500
1240673-0,2080,1560
843407-2,2000,1496
581671-1,1224,1632
882657-0,1728,2304
755576-1,3456,4608
766340-2,1728,2304
788317-0,2000,1500
669698-0,3456,4608
754593-1,4000,3000
938078-2,2016,1512
942245-0,1512,2016
918538-1,2736,3648
612537-1,1224,1632
935772-0,4608,3456
648025-0,4000,3000
808127-1,2000,1500
2125787-0,1464,1952
514723-2,4000,3000
744691-2,2000,1500
1018645-3,4608,3456
810537-2,1984,1488
920438-0,2736,3648
747573-0,1224,1632
755594-0,4000,3000
787897-1,3456,4608
810714-0,1224,1632
866579-1,2016,1512
916292-2,4608,3456
1355760-0,2000,1500
1187804-2,1560,2080
755984-1,4608,3456
939065-0,3000,4000
878071-0,2016,1512
811194-1,3000,4000
953088-2,2000,1500
669654-1,3000,4000
970819-2,4000,3000
860573-2,3648,2736
807902-2,2304,1728
669652-1,4000,3000
2065564-2,2048,1536
943226-2,4000,3000
631984-0,3000,4000
1066114-0,2736,3648
623836-2,2080,1560
755667-2,4000,3000
813903-0,1500,2000
859994-0,3456,4608
1320007-2,2048,1536
1298601-2,1632,1224
815772-1,1560,2080
807885-2,4608,3456
1371573-0,1560,2080
1015279-2,2040,1536
849078-2,2000,1500
844311-2,3648,2736
785744-0,2000,1500
1408800-1,1464,1952
960097-1,2000,1500
1003523-0,1488,1984
1298949-0,2000,1500
705522-0,3648,2736
621482-1,4000,3000
812239-0,1224,1632
885747-2,4000,3000
868489-2,3000,4000
880895-2,4000,3000
913253-0,1224,1632
756319-2,2080,1560
289307-1,2736,3648
785744-1,2000,1500
860573-0,2736,3648
1431127-2,1728,2304
875205-0,1224,1632
779768-0,2040,1530
1155446-1,1500,2000
764235-0,2312,1734
808099-0,1728,2304
937051-0,3072,4096
622013-1,2000,1500
1034226-2,2304,1728
766958-0,3000,4000
747310-1,1632,1224
756003-0,2000,1500
1149840-1,2000,1500
785100-1,2736,3648
936854-1,1500,2000
1011699-1,1488,1984
902179-1,2000,1500
865467-0,3456,4608
699226-2,4000,3000
2135980-2,2048,1536
772168-2,1560,2080
844864-1,2040,1530
2054607-2,1152,864
705152-2,2000,1500
811197-1,3456,4608
868275-2,1952,1464
744668-2,2304,1728
1240415-0,2000,1500
864511-1,2112,2816
669575-0,3000,4000
810536-2,1560,2080
666433-2,1984,1488
1936961-2,2000,1500
1358080-2,1728,2304
840629-0,2000,1496
813283-0,1488,1984
992688-0,1728,2304
810593-1,1496,2000
877189-2,3648,2736
937051-1,3072,4096
740313-0,1464,1952
2207926-2,2080,1560
970912-1,3000,4000
2242499-1,1464,1952
2097710-1,2048,1536
936066-0,2000,1500
2052519-1,3648,2736
850967-1,1560,2080
811125-6,2080,1560
935023-0,2736,3648
697153-0,3456,4608
878068-1,2016,1512
810605-2,1632,1224
740356-1,1536,2048
669665-2,4608,3456
2102603-2,2048,1536
886683-0,3456,4608
1196018-1,2000,1500
767672-0,2080,1560
1020795-2,1952,1464
2178809-0,2048,1536
779693-2,3648,2736
981245-2,4096,3072
811296-2,2016,1512
2178917-0,2016,1512
654827-2,2016,1512
1077861-1,2080,1560
1970898-1,1560,2080
844944-0,1536,2048
654903-2,1952,1464
1329533-1,1560,2080
767977-1,3456,4608
780188-0,2080,1560
886722-2,2000,1500
864165-0,1488,1984
766892-3,2048,1536
805839-2,2080,1560
610140-0,1224,1632
939052-0,4000,3000
849281-0,2080,1560
970912-0,4000,3000
816446-1,2312,1734
839407-0,1224,1632
755974-0,2016,1512
759343-1,1560,2080
740316-2,2304,1728
2235220-0,1632,1224
885208-2,1500,2000
785846-2,1560,2080
939057-1,4000,3000
1251970-2,3648,2736
927051-0,2000,1500
766882-1,1728,2304
756810-0,2736,3648
740337-1,1464,1952
1370839-0,1224,1632
669715-1,1224,1632
1018722-2,2304,1728
786076-0,2080,1560
788739-1,1560,2080
879876-0,3456,4608
807547-1,2080,1560
1003523-1,1488,1984
854737-1,2080,1560
968040-0,1560,2080
1001323-1,3000,4000
865698-0,2736,3648
756115-2,2080,1560
838497-1,1224,1632
866113-0,1512,2016
648059-1,3648,2736
756180-2,4000,3000
680359-2,1632,1224
927059-2,2080,1560
755582-1,3456,4608
1519358-2,2000,1500
977930-2,2016,1512
977930-0,2016,1512
933198-1,1224,1632
765800-0,2304,1728
849600-0,2000,1500
849734-0,1224,1632
757582-1,2000,1500
868227-0,1500,2000
852130-0,3000,4000
858695-2,4000,3000
766961-2,1952,1464
757972-2,3648,2736
813907-1,1500,2000
747265-0,2040,1536
2241689-1,1940,2592
811365-0,2000,1500
935636-1,2040,1530
939057-0,4000,3000
2028899-0,3456,4608
813911-0,1500,2000
859994-2,4608,3456
810698-1,2040,1536
937060-2,4608,3456
875205-2,1632,1224
811359-0,2000,1500
648069-2,3648,2736
882658-1,4608,3456
937055-1,2040,1536
981683-1,2048,1536
1353218-2,4000,3000
771950-2,4000,3000
1970696-2,2080,1560
868654-0,1224,1632
1150332-2,1560,2080
879462-0,3648,2736
1066114-1,3648,2736
1356525-1,3456,4608
1087603-2,3648,2736
1001322-0,3000,4000
740314-1,1224,1632
864153-1,2048,1536
749423-0,4000,3000
617374-2,1224,1632
608742-2,1224,1632
648028-0,3456,4608
807001-1,3456,4608
1001317-0,1464,1952
739228-1,2016,1512
2208098-5,2080,1560
879448-0,2736,3648
2049716-2,2048,1536
576380-0,2000,1500
770159-1,2080,1560
2214305-0,1560,2080
876984-0,1496,2000
1336749-0,1224,1632
2062854-0,4000,3000
622064-2,2016,1512
2082909-2,2048,1536
622040-2,2016,1512
740354-1,1536,2048
1094732-0,3000,4000
864124-2,4608,3456
844311-0,2736,3648
864819-2,1632,1224
751684-2,2016,1508
1966696-0,1488,1984
678865-1,2736,3648
907171-1,1632,1224
1021660-1,1560,2080
1019119-3,2080,1560
612523-1,1224,1632
882654-0,3504,2628
966319-2,3648,2736
1053717-2,2080,1560
811295-2,2000,1500
1001310-0,1632,1224
755577-0,3456,4608
785097-1,2736,3648
756286-2,1560,2080
810326-0,2000,1500
1001323-2,4000,3000
669664-0,3456,4608
1252023-2,4608,3456
1674461-0,2304,1728
654827-0,2016,1512
1025994-3,3000,4000
864690-0,2628,3504
901951-1,2016,1512
581685-0,2000,1500
2240370-0,1728,2304
812345-0,2000,1500
648025-2,4000,3000
2125755-0,2080,1560
619053-2,4608,3456
886077-0,1632,1224
949196-1,2000,1500
879084-2,2736,3648
878029-0,4000,3000
1985400-0,4608,3456
886079-1,1728,2304
960097-0,2000,1500
764256-0,3456,4608
935772-1,3456,4608
1700299-0,4608,3456
648055-0,2000,1500
866412-0,2736,3648
1027298-2,2000,1500
632300-2,1952,1464
1447064-0,2628,3504
811368-1,2736,3648
811365-1,2000,1500
756188-1,1536,2048
868654-1,1224,1632
777270-2,2000,1500
844961-0,3456,4608
933453-1,3456,4608
923096-0,2000,1500
1298750-0,1560,2080
805775-1,3456,4608
845268-2,4608,3456
1155371-0,2048,1536
1419751-1,1560,2080
745555-1,1632,1224
810592-1,3456,4608
1936961-1,2000,1500
2209203-0,2080,1560
810535-2,1984,1488
1081062-2,4000,3000
756280-1,1560,2080
767357-0,2000,1500
1500119-2,1560,2080
735429-2,4608,3456
2208098-1,2080,1560
648025-1,3000,4000
844449-1,1224,1632
2041605-0,1500,2000
782508-2,2000,1500
993090-2,3648,2736
1012610-0,2000,1500
839898-0,1560,2080
805813-3,3456,4608
810535-1,1984,1488
864685-2,3504,2628
728787-0,1952,1464
865114-0,4000,3000
916251-0,2000,1500
805861-3,3456,4608
2007409-1,2048,1536
895737-0,1560,2080
861998-2,2000,1500
839898-2,2080,1560
1431127-1,1728,2304
1079789-2,2080,1560
669665-0,3456,4608
937009-1,3000,4000
1297472-0,1500,2000
849560-2,4608,3456
768697-1,3456,4608
669563-1,3456,4608
1011695-2,4608,3456
756139-2,1952,1464
756287-1,1536,2048
756001-2,2000,1500
703031-1,2736,3648
866824-2,2080,1560
882655-0,2016,1512
1076798-0,3000,4000
1149797-2,1224,1632
586861-0,1728,2304
586937-0,3648,2736
888087-0,2048,1536
966319-1,2736,3648
937059-2,4608,3456
755716-0,2080,1560
1418895-0,1560,2080
839440-0,2312,1734
878497-0,1224,1632
785097-2,2736,3648
807001-0,3456,4608
810340-2,1632,1224
861997-1,2040,1530
768734-2,2000,1500
910174-2,2304,1728
2007409-2,2048,1536
2052518-2,4000,3000
886987-0,2304,1728
608815-2,2000,1500
2208098-6,2080,1560
1034226-0,2304,1728
680361-1,1512,2016
756271-1,1728,2304
805835-1,3456,4608
578192-0,1500,2000
1009442-2,4608,3456
923096-1,2000,1500
770782-1,1728,2304
875201-1,2080,1560
880900-1,4000,3000
1155446-2,1500,2000
888082-0,2048,1536
903719-2,2000,1500
853999-0,3504,2628
617908-0,1632,1224
763456-0,3648,2736
937051-2,4096,3072
765328-2,2080,1560
810593-2,2000,1496
1131210-0,2000,1500
2145222-1,1728,2304
159768-0,2080,1560
1355784-1,2736,3648
786072-1,2080,1560
969331-1,2048,1536
810732-2,2000,1500
1252023-0,3456,4608
756266-2,1952,1464
788739-0,2080,1560
1014985-1,2736,3648
765751-0,1500,2000
669720-2,4608,3456
839886-1,1728,2304
755581-1,3456,4608
1017266-3,4608,3456
755962-2,2000,1500
666424-1,3456,4608
805685-1,1224,1632
608736-1,2000,1500
631947-2,1632,1224
781941-0,3648,2736
756207-0,1224,1632
808128-0,2000,1500
621482-2,4000,3000
1618407-2,2080,1560
2065564-1,2048,1536
2049716-0,2048,1536
681095-0,2016,1512
806235-1,1488,1984
755974-2,2016,1512
839886-0,1728,2304
514734-0,1368,1824
899505-2,2040,1530
861999-2,2000,1500
739230-1,2080,1560
968472-2,2000,1500
807166-0,2000,1500
882653-0,4608,3456
762852-0,2000,1500
868484-2,2000,1496
911407-0,1530,2040
1339110-2,4608,3456
2054607-0,864,1152
811356-2,4608,3456
586910-0,4000,3000
1451327-2,2000,1500
566673-1,2304,1728
772168-1,2080,1560
805861-2,4608,3456
2178917-2,2016,1512
766813-2,2000,1500
756288-2,2048,1536
808142-2,2000,1500
1014985-2,3648,2736
939059-1,1224,1632
882659-1,2736,3648
939347-2,2000,1500
905918-2,2000,1500
669665-1,3456,4608
960081-0,1224,1632
854737-0,2080,1560
696732-1,2080,1560
848768-1,1512,2016
766892-5,1536,2048
756321-0,1224,1632
811125-3,2080,1560
735440-2,1500,2000
756118-2,1560,2080
2178145-0,2048,1536
953205-1,1224,1632
886078-2,2816,2112
756211-0,2080,1560
807253-1,1500,2000
2235220-1,1224,1632
766856-1,2304,1728
669658-2,4000,3000
816442-1,3000,4000
2029000-2,2000,1500
2097710-2,2048,1536
723252-0,1496,2000
2071510-0,1560,2080
942329-2,2000,1500
758124-2,2736,3648
678865-0,2736,3648
861257-1,1728,2304
2040072-2,2000,1500
728379-1,2016,1512
880059-0,1632,1224
1252023-1,3456,4608
2161394-2,1824,1368
933425-0,2000,1500
810554-1,1560,2080
2015606-1,3456,4608
864153-2,2048,1536
766957-1,3000,4000
933425-2,1500,2000
879457-2,3648,2736
865164-0,2080,1560
2049716-1,2048,1536
905660-1,864,1152
849600-1,2000,1500
810732-0,2000,1500
2223860-0,4608,3456
1252023-3,3456,4608
779854-1,2080,1560
2195904-2,1512,2016
942313-0,1728,2304
811369-0,3000,4000
648067-0,4000,3000
756198-1,1560,2080
756178-1,1728,2304
993472-0,4000,3000
789144-2,2080,1560
844359-1,2736,3648
807885-0,3456,4608
745608-0,3648,2736
2241582-3,2080,1560
880899-1,2000,1496
788317-1,2000,1500
756299-1,1500,2000
756288-1,1536,2048
728379-2,2016,1512
2195977-1,1536,2048
1046257-2,2304,1728
885608-1,1728,2304
918532-1,1728,2304
654884-1,2016,1512
847502-2,1512,2016
1258298-2,2080,1560
756303-1,2000,1500
632300-1,1952,1464
756272-2,2080,1560
2033885-0,2040,1530
669651-0,2000,1500
666807-2,1632,1224
1131210-2,2000,1500
2082916-0,2000,1500
612525-1,2000,1500
669733-0,2000,1500
844359-0,2736,3648
805823-2,3648,2736
935023-1,2736,3648
766932-2,2000,1500
895182-2,4000,3000
868483-2,3648,2736
1020795-0,1952,1464
766960-0,1464,1952
839884-0,1560,2080
648043-1,3456,4608
756318-2,1952,1464
1001317-2,1952,1464
1942746-2,2048,1536
758002-0,2736,3648
888967-0,1560,2080
666424-2,4608,3456
849273-2,1952,1464
808837-0,2080,1560
879459-0,2736,3648
1305565-1,3000,4000
936070-2,1152,864
666807-1,1224,1632
2242499-0,1952,1464
1046257-0,2304,1728
881608-1,1496,2000
694271-0,1952,1464
935015-0,1728,2304
1343965-0,2016,1512
2071510-2,2080,1560
909530-2,1952,1464
809418-2,4000,3000
669752-2,4608,3456
756000-0,2000,1500
1282155-0,2016,1512
2031242-2,4608,3456
1102497-2,2000,1500
744679-1,1728,2304
2202669-2,3456,4608
785744-2,2000,1500
1006062-1,2304,1728
1015255-2,2000,1500
2235213-2,1224,1632
2069578-0,1500,2000
930035-1,1952,1464
864511-0,2112,2816
1251998-1,3456,4608
546055-2,4608,3456
644462-0,2736,3648
735429-0,3456,4608
860574-1,1496,2000
895133-1,1368,1824
988705-2,2000,1500
654822-1,2304,1728
1076136-0,2016,1512
867480-2,2112,2816
654822-2,2304,1728
772787-0,2000,1500
913253-1,1224,1632
2137420-0,3456,4608
942313-1,1728,2304
1307753-1,3456,4608
669637-1,1632,1224
1447064-2,3504,2628
1015596-2,1952,1464
765476-0,1488,1984
2192288-0,2080,1560
514842-0,4000,3000
1470685-2,2048,1536
810604-1,1496,2000
888104-2,1984,1488
1982573-0,3456,4608
844961-1,3456,4608
844439-2,2312,1734
844449-0,1224,1632
968579-0,3000,4000
789097-0,1560,2080
922951-0,4608,3456
937049-2,2080,1560
767026-0,2736,3648
648044-2,4608,3456
739230-0,2080,1560
1083112-2,1536,2048
1307747-2,4608,3456
1075878-0,2000,1500
763665-0,1952,1464
970880-1,1632,1224
745565-1,2040,1536
977872-0,1728,2304
883770-0,3504,2628
876122-1,3000,4000
2102674-0,2048,1536
767012-3,1224,1632
1273581-2,3504,2628
863453-0,2736,3648
994158-2,2000,1500
935637-0,1224,1632
2015606-0,3456,4608
942245-1,2016,1512
1002746-1,2000,1500
1619578-2,1952,1464
1352124-0,3456,4608
2191854-1,2736,3648
648060-0,4000,3000
660472-1,1560,2080
1015457-0,1560,2080
1003523-2,1984,1488
844311-1,2736,3648
844441-0,1632,1224
781983-0,3456,4608
787373-0,2000,1500
2179152-2,2312,1734
755578-0,1824,1368
1342951-1,1500,2000
581671-0,1224,1632
880895-1,3000,4000
669615-0,3456,4608
2235213-1,1224,1632
767012-0,1632,1224
1144117-0,1152,864
910743-1,2736,3648
935635-2,2040,1530
674246-2,2080,1560
875726-0,2736,3648
747573-1,1224,1632
737587-1,2016,1512
648026-1,3456,4608
2193506-0,3648,2736
936999-0,1560,2080
813903-2,2000,1500
756204-2,1728,2304
612525-2,2000,1500
806331-0,2016,1512
756180-0,3000,4000
856132-1,1728,2304
858695-1,3000,4000
631984-2,3000,4000
864150-0,2048,1536
998807-0,1560,2080
756209-1,1224,1632
673953-2,3648,2736
669715-0,1632,1224
1259952-1,1560,2080
669637-0,1632,1224
756318-1,1464,1952
772151-0,3456,4608
2033879-2,2000,1500
764235-1,2312,1734
1265125-0,2000,1500
867480-1,2112,2816
1583586-2,2000,1500
775304-0,1512,2016
918004-0,2080,1560
909530-0,1952,1464
810480-2,1728,1296
756299-0,1500,2000
705522-1,3648,2736
762608-2,2000,1500
883105-2,4608,3456
883105-1,3456,4608
1264166-1,2736,3648
879274-1,4000,3000
811194-0,4000,3000
2145222-2,2304,1728
1970811-2,2000,1500
810698-0,2040,1536
806354-0,2000,1500
1330604-0,2736,3648
844776-2,2000,1496
756000-2,2000,1500
810733-0,2000,1500
949600-0,2016,1512
949596-2,2016,1512
2017836-2,4608,3456
839450-1,2080,1560
1309546-1,4608,3456
755594-2,4000,3000
1087582-0,2000,1500
895590-0,1500,2000
844446-2,1224,1632
787366-1,2736,3648
1251942-0,2736,3648
895735-1,1560,2080
1265125-1,2000,1500
669725-0,1368,1824
1390156-1,3456,4608
669682-2,2000,1500
810553-0,2080,1560
756195-0,2080,1560
705152-1,2000,1500
809505-1,2000,1500
808124-1,1512,2016
968040-1,1560,2080
864165-1,1488,1984
904560-1,1728,2304
849273-1,1952,1464
910926-3,2736,3648
756202-1,1728,2304
893117-3,1560,2080
992688-1,2304,1728
1257802-1,3456,4608
756226-1,1560,2080
697948-1,3648,2736
990555-2,1632,1224
1464504-2,2080,1560
906683-2,1632,1224
843038-2,2080,1560
787373-1,2000,1500
755713-0,2080,1560
1353800-2,2000,1500
861931-0,1560,2080
767977-2,4608,3456
681095-1,2016,1512
861257-2,2304,1728
586935-0,3648,2736
937053-2,2080,1560
765489-0,1488,1984
810535-0,1984,1488
810726-0,4000,3000
1570616-0,1560,2080
806329-2,2000,1500
866824-1,2080,1560
1281107-1,4000,3000
781983-1,3456,4608
1001321-1,1464,1952
810375-1,1920,2560
1184429-0,1500,2000
728793-1,1224,1632
1079822-2,2080,1560
847865-2,2304,1728
886081-2,2080,1560
2208179-3,2080,1560
942306-0,1728,2304
870090-0,2016,1512
1205446-1,864,1152
849078-1,2000,1500
848591-0,1496,2000
810730-0,2112,2816
755602-1,3456,4608
730030-0,2016,1512
756298-2,2304,1728
759380-1,2080,1560
968472-0,1500,2000
806320-1,2816,2112
1298750-1,1560,2080
1297893-1,3456,4608
1354664-1,3456,4608
2178809-1,2048,1536
2236670-1,3456,4608
810536-0,2080,1560
648029-2,4608,3456
808142-1,2000,1500
596185-2,4608,3456
942245-2,2016,1512
910172-1,2080,1560
1015255-3,2000,1500
1384268-1,3504,2628
1329797-2,2304,1728
875201-0,2080,1560
730035-2,2000,1500
860573-1,3648,2736
2178145-2,2048,1536
1936045-0,1500,2000
673953-1,2736,3648
810730-1,2816,2112
759373-2,2080,1560
669725-1,1368,1824
1026226-0,3504,2628
1464504-1,1560,2080
910939-2,2048,1536
811195-2,4608,3456
880900-0,4000,3000
756188-0,1536,2048
648080-2,3456,4608
868471-0,1500,2000
839897-1,1560,2080
808370-0,2312,1734
744679-2,2304,1728
1150281-2,2080,1560
910172-0,1560,2080
1081062-0,4000,3000
937052-0,2000,1500
1936961-0,2000,1500
918551-2,2304,1728
805775-0,3456,4608
756227-1,1464,1952
935635-0,2040,1530
546017-0,2304,1728
681117-1,1224,1632
1149994-0,1224,1632
875105-2,2080,1560
586902-1,3000,4000
939345-0,1728,1296
994160-2,2736,3648
648032-2,1824,1368
994158-0,2000,1500
904539-2,1940,2592
981245-1,3072,4096
648043-0,3456,4608
1384268-0,3504,2628
523315-1,2000,1500
2135740-1,2736,3648
805832-0,2736,3648
1051807-2,2000,1500
728789-1,1952,1464
942321-2,2816,2112
740313-2,1952,1464
622013-2,2000,1500
757985-2,3648,2736
844440-1,2000,1500
735437-0,3456,4608
847882-2,2000,1500
879448-2,2736,3648
2200414-1,3456,4608
763299-0,2080,1560
1363709-1,3000,4000
866824-0,2080,1560
816443-2,2000,1500
1087581-0,2112,2816
868486-1,1496,2000
949196-2,2000,1500
680359-1,1224,1632
965951-2,3648,2736
1226595-1,1500,2000
923084-1,2000,1500
756266-0,1464,1952
1009442-0,3456,4608
581692-1,1368,1824
674264-2,4608,3456
1439847-2,2048,1536
660440-1,3456,4608
756124-2,1560,2080
767974-0,2016,1512
623644-0,3456,4608
758421-2,1984,1488
1021650-1,1560,2080
805813-0,3456,4608
648070-0,3000,4000
785550-1,3456,4608
757979-1,2736,3648
756213-1,2080,1560
749423-2,2304,1728
2181558-1,2016,1512
1338451-2,2000,1500
1251998-0,3456,4608
876963-1,1224,1632
674290-1,1560,2080
753097-2,2016,1512
1016981-2,3648,2736
939359-1,2080,1560
2236670-2,3456,4608
1020795-1,1952,1464
756289-2,1560,2080
878347-1,1560,2080
1504496-0,2080,1560
1353790-2,2000,1500
1001322-1,4000,3000
1015272-1,2312,1734
808514-1,2016,1512
993387-0,2000,1500
880141-2,4608,3456
1329797-1,1728,2304
847502-1,1512,2016
756316-1,2000,1500
2087735-0,1512,2016
839451-2,2080,1560
942306-2,2304,1728
546158-2,3648,2736
2209203-1,2080,1560
838408-2,3648,2736
2033814-2,2048,1536
546263-0,1224,1632
648058-1,2048,1536
854369-1,1728,2304
2055262-1,2000,1500
2208179-0,2080,1560
810333-0,2016,1512
2170754-2,3648,2736
1331366-2,1952,1464
756271-2,2304,1728
849248-0,2000,1500
918613-2,4608,3456
907088-0,1224,1632
923084-2,2000,1500
728795-0,1632,1224
760140-1,1296,1728
566678-1,3456,4608
953205-0,1224,1632
968472-1,1500,2000
648029-1,3456,4608
853998-1,2000,1500
920438-1,2736,3648
768939-2,4608,3456
810568-2,1488,1984
933198-0,1224,1632
938086-0,2000,1500
2082909-1,2048,1536
1298949-1,2000,1500
654840-2,4000,3000
811666-0,1488,1984
741967-2,2080,1560
2055976-0,3456,4608
1266184-0,2080,1560
1083923-2,2080,1560
2178911-1,2048,1536
868483-1,2736,3648
1504496-2,1560,2080
813184-3,1632,1224
2193487-0,1560,2080
1373893-1,1488,1984
972683-3,2312,1734
907171-0,1632,1224
2208136-1,2080,1560
756204-3,2304,1728
546164-2,2736,3648
715496-1,2016,1512
935011-1,1224,1632
1063057-1,3456,4608
1087582-1,2000,1500
787793-1,3000,4000
877775-2,3648,2736
2136255-1,2736,3648
2212903-2,2000,1500
681085-0,2016,1512
623868-2,2080,1560
2069032-0,4000,3000
907187-0,1504,1128
900407-0,1728,2304
765778-0,2312,1734
1016927-2,2000,1500
785485-2,3456,4608
755960-0,4608,3456
744675-2,2304,1728
763810-1,2016,1512
992689-0,2312,1734
669588-0,2000,1500
622064-1,2016,1512
868932-0,2016,1512
766392-0,4000,3000
2040072-0,2000,1500
756298-0,1728,2304
1009445-0,4608,3456
894393-2,4608,3456
706589-1,1488,1984
756123-2,2016,1512
1330890-1,3000,4000
766932-0,2000,1500
1006062-2,2304,1728
1015596-1,1952,1464
811303-1,2000,1500
1341644-1,1560,2080
648054-1,1368,1824
848594-1,2016,1512
669627-2,4000,3000
1021660-2,2080,1560
669627-0,3000,4000
806235-2,1984,1488
735429-1,3456,4608
881713-2,2040,1530
2082916-2,2000,1500
740313-1,1464,1952
886081-0,1560,2080
918551-1,1728,2304
1144162-1,1560,2080
781937-1,3456,4608
739231-0,2080,1560
1037063-1,1728,2304
779652-1,1560,2080
756233-0,1536,2048
1016927-1,2000,1500
756123-0,2016,1512
546263-2,1224,1632
756231-1,1728,2304
559454-1,3000,4000
937048-2,2000,1500
2202669-1,3456,4608
766349-0,2000,1500
879314-2,2080,1560
861998-0,2000,1500
2007795-2,2000,1500
986863-1,1560,2080
938982-1,2000,1500
2062854-1,3000,4000
1408800-2,1952,1464
559264-0,4000,3000
546161-2,2736,3648
1345869-1,2628,3504
907187-1,1504,1128
762852-1,1500,2000
968040-2,2080,1560
808514-2,2016,1512
929901-3,1224,1632
755960-1,4608,3456
937011-0,3456,4608
808836-2,1560,2080
2170754-1,2736,3648
845020-2,3456,4608
755972-1,4608,3456
648019-3,1368,1824
910939-0,2048,1536
949600-1,2016,1512
934105-2,2048,1536
865114-1,3000,4000
756321-2,1632,1224
226142-2,1500,2000
892727-2,2304,1728
849078-0,2000,1500
937054-1,1560,2080
949598-2,4000,3000
903708-1,2048,1536
816443-1,2000,1500
765527-1,2560,1920
939345-1,1296,1728
839450-2,2080,1560
941218-1,1560,2080
1377892-0,2000,1500
681174-1,1512,2016
864130-0,1728,2304
1542969-1,1560,2080
968467-1,4608,3456
744668-1,1728,2304
811297-0,1500,2000
925145-0,2736,3648
1322169-0,3456,4608
937049-0,1560,2080
2015606-3,4608,3456
897381-0,3456,4608
674255-1,2304,1728
864814-0,3456,4608
755999-1,2000,1500
2178809-2,2048,1536
1982392-2,4000,3000
2193472-0,2736,3648
916292-1,3456,4608
810731-2,2000,1500
936059-2,1500,2000
849734-1,1224,1632
857391-2,3648,2736
744508-2,1728,2304
810608-2,2000,1496
911143-0,2080,1560
861999-0,2000,1500
845268-0,4608,3456
942283-0,2000,1500
810538-0,1984,1488
1187804-0,2080,1560
699226-1,3000,4000
755602-2,4608,3456
2252585-2,1632,1224
811125-1,2080,1560
1431132-2,1728,2304
839407-2,1632,1224
949596-0,2016,1512
807001-2,4608,3456
930035-0,1952,1464
2102674-1,2048,1536
761757-2,4608,3456
777053-1,2560,1920
756319-0,1560,2080
751684-0,1508,2016
787897-0,3456,4608
666433-1,1488,1984
1015439-2,4000,3000
2071510-1,1560,2080
949601-0,2016,1512
1973428-0,1560,2080
2193471-0,2736,3648
631947-1,1224,1632
896438-2,1500,2000
2100334-0,2048,1536
581694-0,4000,3000
953160-1,1500,2000
681004-1,1512,2016
1537985-0,2112,2816
938982-2,2000,1500
1498443-2,3456,4608
2179140-0,1500,2000
706596-0,1488,1984
2052523-2,3456,4608
968460-2,4608,3456
879314-0,2080,1560
810438-0,4608,3456
553178-2,4608,3456
885816-3,4608,3456
761757-0,3456,4608
918542-1,2736,3648
849734-2,1632,1224
1329533-0,1560,2080
1145073-0,2816,2112
757989-2,3648,2736
1252055-1,3456,4608
756284-1,1464,1952
844316-2,1632,1224
681502-1,2016,1512
1083112-1,1536,2048
805906-1,4608,3456
576380-1,2000,1500
905979-1,1536,2048
766961-0,1464,1952
681502-2,2016,1512
654934-1,1464,1952
648068-2,1632,1224
930882-0,1152,864
864158-2,4000,3000
1973428-2,2080,1560
674290-2,2080,1560
767026-1,2736,3648
1329720-2,2304,1728
666433-0,1488,1984
783575-0,2080,1560
1259952-0,1560,2080
875117-1,2080,1560
840629-2,2000,1496
939078-1,4000,3000
1205446-2,864,1152
697163-0,1464,1952
755961-1,2016,1512
878347-0,2080,1560
740337-0,1464,1952
849664-0,1500,2000
681085-2,1512,2016
1087603-0,2736,3648
2039244-2,1728,2304
2017836-0,3456,4608
861997-2,2040,1530
886683-2,4608,3456
844956-1,2736,3648
918538-0,2736,3648
806352-0,1512,2016
756268-1,1560,2080
891928-1,1560,2080
876349-2,2000,1500
844480-1,2312,1734
2007220-4,2048,1536
1330604-1,2736,3648
1131210-1,2000,1500
810592-0,3456,4608
813907-0,2000,1500
848562-2,2312,1734
1046256-2,4000,3000
889276-0,4000,3000
779652-0,2080,1560
960097-2,2000,1500
918004-2,2080,1560
977872-2,2304,1728
942436-1,4608,3456
815523-2,1984,1488
876165-0,2080,1560
941124-1,3456,4608
811350-0,3000,4000
941124-0,3456,4608
876349-0,2000,1500
847697-3,2304,1728
942310-0,2736,3648
1963889-0,2000,1500
728796-2,1224,1632
669615-2,3456,4608
756114-0,2080,1560
942283-2,2000,1500
888076-0,2048,1536
1015284-1,2040,1536
742257-2,1984,1488
1583586-1,1500,2000
1419751-2,1560,2080
1015503-0,3000,4000
899505-1,2040,1530
876122-2,3000,4000
2032277-1,2736,3648
1251953-0,3648,2736
874998-2,2080,1560
863122-2,2304,1728
878068-2,2016,1512
949196-0,2000,1500
728544-1,2000,1500
813909-1,1504,1128
1081383-2,2304,1728
846452-2,2000,1500
889276-2,4000,3000
1942580-1,4000,3000
903719-1,1500,2000
1353800-1,2000,1500
847333-0,1488,1984
581672-1,3000,4000
995313-5,2080,1560
881608-2,2000,1496
975745-1,2628,3504
705559-0,2016,1512
681174-2,1512,2016
882655-1,2016,1512
995605-2,3648,2736
731640-2,4000,3000
776958-0,1728,2304
2223755-1,4000,3000
764256-2,4608,3456
654821-2,2304,1728
937049-1,1560,2080
779652-2,1560,2080
839896-0,1560,2080
907171-2,1632,1224
805620-2,3648,2736
949306-2,2000,1500
654910-1,2304,1728
556914-1,3456,4608
674243-1,1488,1984
1102755-0,1728,2304
770805-2,2000,1500
648038-0,3456,4608
763665-1,1952,1464
786065-1,2080,1560
1092376-2,1632,1224
878071-1,2016,1512
1519358-1,2000,1500
2208098-3,2080,1560
885816-1,3456,4608
933199-0,2000,1500
969331-2,2048,1536
882872-3,1560,2080
730035-0,2000,1500
765486-0,1488,1984
744636-1,1536,2048
865114-2,4000,3000
766392-1,4000,3000
1011699-0,1488,1984
1072707-2,1560,2080
513588-0,2048,1536
811195-1,3456,4608
762504-1,1560,2080
772151-1,3456,4608
839451-0,1560,2080
753073-1,2016,1512
691383-0,2016,1512
556886-0,3456,4608
756178-2,2304,1728
851885-0,1500,2000
755961-0,2016,1512
753097-0,2016,1512
816442-2,3000,4000
889231-1,3648,2736
1464504-0,1560,2080
648055-2,2000,1500
745437-1,4000,3000
786066-2,2080,1560
756298-1,1728,2304
2211272-2,1512,2016
813907-2,1500,2000
839368-0,1496,2000
938379-2,4000,3000
976247-1,1500,2000
847252-2,2000,1500
2007833-1,3456,4608
1083923-0,1560,2080
760067-0,3072,4096
838408-0,2736,3648
918488-2,3648,2736
1110103-1,3000,4000
1206315-1,1560,2080
1149819-2,4000,3000
806307-1,1560,2080
648057-0,1224,1632
755972-0,3456,4608
1166692-0,1940,2592
1966696-2,1984,1488
854369-0,1728,2304
869274-1,2000,1500
811125-8,2080,1560
811295-0,2000,1500
936164-1,2736,3648
546263-1,1632,1224
1355760-2,2000,1500
902679-0,2048,1536
289307-2,3648,2736
939363-0,3072,4096
768939-1,3456,4608
936059-1,1500,2000
941124-2,4608,3456
1051086-1,3000,4000
740309-1,3000,4000
874998-3,2080,1560
901826-2,2000,1500
2179175-1,1500,2000
1500119-0,1560,2080
878496-0,1500,2000
669645-0,4000,3000
2236670-0,3456,4608
759785-0,2736,3648
904985-0,4000,3000
935098-2,4608,3456
654903-0,1464,1952
728789-2,1952,1464
865467-2,4608,3456
669730-2,2080,1560
900407-2,2304,1728
673974-1,1560,2080
882652-0,4608,3456
612518-2,1632,1224
1353215-0,1536,2048
2156630-0,2048,1536
849273-0,1952,1464
880141-1,3456,4608
610140-2,1632,1224
2033854-0,2048,1536
968462-0,3456,4608
755578-2,1368,1824
756230-0,1500,2000
2208136-0,2080,1560
870729-2,1488,1984
847770-1,3648,2736
1298601-0,1224,1632
669664-1,3456,4608
993090-0,2736,3648
1252030-0,2000,1500
766958-1,3000,4000
661321-2,1984,1488
612518-1,1224,1632
739261-0,2080,1560
765467-0,2000,1500
756181-0,1536,2048
2041605-1,1500,2000
669654-0,3000,4000
864156-1,4000,3000
737587-0,2016,1512
904679-0,2080,1560
757982-0,1984,1488
1336749-2,1632,1224
810617-1,1496,2000
1352124-1,3456,4608
940649-0,1560,2080
742257-0,1984,1488
753073-2,2016,1512
1046256-0,3000,4000
775074-2,3648,2736
1356525-2,3456,4608
936012-2,864,1152
2060619-0,1632,1224
756202-0,1728,2304
1542969-2,1560,2080
1187330-1,1560,2080
868227-1,1500,2000
942318-0,1728,2304
937050-1,1560,2080
936066-2,2000,1500
740311-0,3000,4000
756213-0,2080,1560
514677-2,4000,3000
775304-2,2016,1512
2135771-0,3648,2736
581694-2,4000,3000
851902-1,1940,2592
2214291-2,1952,1464
674245-1,3456,4608
728824-1,1952,1464
806329-0,2000,1500
929901-1,1632,1224
886683-1,3456,4608
1570615-0,1560,2080
1083112-0,2048,1536
900287-2,3456,4608
755960-2,4608,3456
1166692-2,1940,2592
935000-0,2000,1500
1136311-2,1560,2080
673953-0,2736,3648
877769-1,1224,1632
2114402-1,1224,1632
2135740-0,2736,3648
863085-3,4000,3000
669618-0,4000,3000
1072707-0,2080,1560
880899-2,1496,2000
2028899-1,3456,4608
1431132-1,1728,2304
756118-0,2080,1560
742216-2,2040,1536
1408800-0,1464,1952
1305686-0,4608,3456
861999-1,2000,1500
514705-1,4608,3456
1360703-2,3456,4608
1150366-0,2080,1560
747581-0,1920,2560
870863-0,2304,1728
909527-0,1952,1464
868489-0,4000,3000
1051086-2,3000,4000
757585-1,2000,1500
953088-1,2000,1500
755983-1,2000,1500
756207-2,1632,1224
509715-0,4000,3000
994157-1,2000,1500
918652-0,2304,1728
970854-1,2736,3648
1330694-2,2000,1500
681085-1,1512,2016
2082911-0,2000,1500
1353119-3,2016,1512
1982392-1,3000,4000
669612-0,1224,1632
942299-1,2000,1500
2177649-2,2592,1940
853999-2,2628,3504
745543-1,2736,3648
763504-2,2000,1500
811369-1,3000,4000
756316-0,2000,1500
596206-0,2000,1500
513617-2,3648,2736
740315-0,1632,1224
999153-0,3000,4000
2192290-2,4608,3456
929901-2,1632,1224
1015272-2,2312,1734
788739-2,1560,2080
902179-0,1500,2000
1439847-0,1536,2048
939067-1,1500,2000
811295-1,2000,1500
1033460-3,2000,1500
2125771-2,1500,2000
1017251-2,3648,2736
2033826-2,2048,1536
559454-2,4000,3000
895127-2,2048,1536
868275-0,1952,1464
811097-1,2016,1512
1355784-0,2736,3648
740315-2,1224,1632
988705-0,2000,1500
864921-1,1500,2000
739261-1,1560,2080
1149840-0,2000,1500
785485-3,4608,3456
810540-2,1560,2080
844776-0,1496,2000
2062854-2,3000,4000
864124-1,3456,4608
1018645-2,3456,4608
766960-1,1464,1952
740309-0,3000,4000
2193487-1,1560,2080
622013-0,2000,1500
847770-2,2736,3648
994156-1,2000,1500
814245-1,2736,3648
2214294-0,3648,2736
883105-3,3456,4608
843038-1,2080,1560
875205-1,1224,1632
2029000-1,2000,1500
2178180-0,2048,1536
2055976-2,4608,3456
776952-1,1728,2304
938086-1,2000,1500
669733-2,2000,1500
1353216-1,2000,1500
811350-2,4000,3000
756324-2,1536,2048
935634-0,1224,1632
999153-1,4000,3000
756283-2,1464,1952
939065-2,4000,3000
514723-1,3000,4000
648068-1,1632,1224
779693-1,2736,3648
1948798-2,2048,1536
1258298-1,1560,2080
892135-0,1560,2080
849906-1,2112,2816
1130402-0,1224,1632
990555-1,1224,1632
767977-0,3456,4608
2211229-2,2016,1512
909527-1,1952,1464
1061966-1,1504,1128
1075869-2,2000,1500
923399-0,1728,2304
813911-1,1500,2000
